지점,일시,평균기온(°C),최저기온(°C),최저기온 시각(hhmi),최고기온(°C),최고기온 시각(hhmi),강수 계속시간(hr),10분 최다 강수량(mm),10분 최다강수량 시각(hhmi),1시간 최다강수량(mm),1시간 최다 강수량 시각(hhmi),일강수량(mm),최대 순간 풍속(m/s),최대 순간 풍속 풍향(16방위),최대 순간풍속 시각(hhmi),최대 풍속(m/s),최대 풍속 풍향(16방위),최대 풍속 시각(hhmi),평균 풍속(m/s),풍정합(100m),평균 이슬점온도(°C),최소 상대습도(%),최소 상대습도 시각(hhmi),평균 상대습도(%),평균 증기압(hPa),평균 현지기압(hPa),최고 해면기압(hPa),최고 해면기압 시각(hhmi),최저 해면기압(hPa),최저 해면기압 시각(hhmi),평균 해면기압(hPa),가조시간(hr),합계 일조시간(hr),1시간 최다일사 시각(hhmi),1시간 최다일사량(MJ/m2),합계 일사량(MJ/m2),일 최심신적설(cm),일 최심신적설 시각(hhmi),일 최심적설(cm),일 최심적설 시각(hhmi),합계 3시간 신적설(cm),평균 전운량(1/10),평균 중하층운량(1/10),평균 지면온도(°C),최저 초상온도(°C),평균 5cm 지중온도(°C),평균 10cm 지중온도(°C),평균 20cm 지중온도(°C),평균 30cm 지중온도(°C),0.5m 지중온도(°C),1.0m 지중온도(°C),1.5m 지중온도(°C),3.0m 지중온도(°C),5.0m 지중온도(°C),합계 대형증발량(mm),합계 소형증발량(mm),9-9강수(mm),안개 계속시간(hr)
108,2022-01-01,-4.3,-10.2,710,2.3,1544,,,,,,,4.5,70,923,2.8,20,819,1.5,1335,-14.4,31,1329,46.3,2.1,1019.8,1034,247,1027.3,2351,1030.9,9.6,9,1200,1.82,10.39,,,,,,1.4,1.4,-3.7,-15.4,-.9,-1,-.3,.9,2.7,6.6,10.1,15.1,17.2,1.3,1.8,.3,
108,2022-01-02,-1.3,-5.2,2356,3,1551,4.17,,,,,.3,8.1,290,1345,4.6,290,1349,2.3,1996,-8.8,39,1754,57.9,3.3,1015.7,1028.4,2222,1024.4,502,1026.7,9.6,5.4,1200,1.71,8.52,.5,655,.5,655,.5,4.1,4,-.9,-10.7,-.1,-.5,-.3,.8,2.7,6.4,10,15,17.2,1.1,1.6,,
108,2022-01-03,-1.9,-8,714,2.5,1542,4,,,,,0,6.9,270,1319,4.1,250,1322,1.8,1555,-9.3,35,1152,58.3,3.2,1015.3,1028.5,913,1024.2,2230,1026.2,9.7,7.8,1200,1.75,9.35,,,,,,4.9,3.6,-2.3,-14.4,-.5,-.8,-.3,.8,2.5,6.2,9.8,14.9,17.2,1.1,1.6,0,
108,2022-01-04,-2.5,-5.6,2400,1,1445,.92,,,,,0,6.8,270,1444,4.2,250,1507,2.4,2048,-11.8,28,1606,51.8,2.6,1017.3,1029.8,2335,1024.5,2,1028.3,9.7,9,1200,1.94,11.3,,,,,,0,0,-1.8,-13.1,-.1,-.5,-.3,.7,2.5,6.1,9.7,14.8,17.1,1.4,2,,
108,2022-01-05,-2.8,-7.8,634,1.9,1518,,,,,,,4.2,50,843,2.9,50,1314,1.7,1510,-12.5,34,1402,47.6,2.4,1016.9,1029.7,1,1025.9,1539,1028,9.7,1.9,1100,1.03,6.12,,,,,,7.3,1,-2.8,-14.1,-.5,-.8,-.4,.7,2.4,5.9,9.5,14.7,17.1,1,1.4,,
108,2022-01-06,-2.2,-5.9,745,3.3,1604,,,,,,,7.8,290,1417,4.6,290,1419,2.3,2000,-12.3,29,1414,47.1,2.4,1018,1030.8,2309,1026.7,155,1029,9.7,9.1,1200,1.95,11.22,,,,,,0,0,-2.3,-11.4,-.4,-.7,-.4,.6,2.3,5.8,9.4,14.7,17.1,1.5,2.1,,
108,2022-01-07,-1.6,-5.9,634,4.5,1525,,,,,,,5.2,270,1402,3,250,1608,1.5,1317,-12,21,1528,47.1,2.5,1018.8,1032,855,1028.2,1534,1029.8,9.7,9.1,1200,1.92,11.12,,,,,,0,0,-2.3,-13.8,-.6,-.9,-.5,.5,2.2,5.7,9.2,14.6,17,1.6,2.2,,
108,2022-01-08,.3,-5,729,3.7,1623,.17,,,,,0,5.4,180,1534,3.5,200,1632,1.7,1456,-5.7,49,1221,64.3,4.2,1013.5,1028.2,1,1021.5,2343,1024.4,9.7,.7,1100,.8,3.68,,,,,,5.9,5.9,-2.1,-12,-.4,-.8,-.5,.5,2.1,5.6,9.1,14.5,17,.7,.9,0,
108,2022-01-09,1.3,-1.2,2353,5.6,1522,,,,,,,4.6,290,507,2.8,270,507,1.7,1441,-3.5,46,1606,71.5,4.8,1011.7,1023.5,1028,1021.1,107,1022.5,9.7,4.5,1300,1.56,7.16,,,,,,3.1,2.5,.5,-8.6,.2,-.3,-.4,.5,2.1,5.5,9,14.4,17,.9,1.3,,
108,2022-01-10,.5,-3.4,735,4.4,1348,3.83,,,,,.9,7.6,250,2359,3.4,250,1433,2,1705,-5.1,37,1527,68.3,4.2,1009.7,1023.5,319,1017,2349,1020.5,9.8,3.9,1100,1.52,7.25,.9,2355,.9,2355,.9,7,3.3,-.9,-9.5,0,-.4,-.3,.5,2.1,5.4,8.8,14.3,16.9,1.1,1.6,1.1,
108,2022-01-11,-7.4,-10.3,2326,.3,1,1.5,,,,,.2,12.4,320,128,7.2,290,129,4,3442,-14.9,39,1538,55.5,2,1010.1,1025.3,2315,1017,1,1021.2,9.8,9.1,1200,2.04,11.91,.1,100,1,100,.1,.4,.4,-2.3,-13.3,-.1,-.5,-.3,.5,2,5.3,8.7,14.2,16.9,1.1,1.5,,
108,2022-01-12,-7.7,-11.3,223,-3.4,1521,,,,,,,7.1,290,1630,4.2,290,1019,2.4,2089,-17,34,1528,47.8,1.6,1012,1025,1,1021.4,2358,1023.1,9.8,8.6,1200,2.04,11.93,,,.2,1,,2.8,0,-4.1,-15.3,-1.1,-1.2,-.5,.5,1.9,5.2,8.6,14.1,16.9,1.2,1.8,,
108,2022-01-13,-6.4,-8.9,2352,-3.1,1456,,,,,,,13.9,320,1320,7.6,270,1308,3.3,2881,-16.3,32,1408,45.8,1.7,1011.1,1025.7,2319,1019.4,419,1022.2,9.8,9.1,1200,2.03,11.9,,,,,,2.3,1.9,-3.6,-13.6,-1.1,-1.3,-.7,.3,1.9,5.1,8.5,14,16.8,1.3,1.8,,
108,2022-01-14,-4.8,-10.1,750,1.3,1526,,,,,,,6.3,160,1348,3.2,180,1356,1.7,1453,-16.3,24,1606,41.8,1.7,1014.8,1028.1,1055,1024,1801,1025.9,9.8,9.1,1200,2.04,12.1,,,,,,2.6,0,-3.5,-16.4,-1.4,-1.7,-1,.1,1.8,5,8.4,13.9,16.8,1.5,2.2,,
108,2022-01-15,-1,-5.3,426,1.8,1545,.92,,,,,0,4.9,20,1055,3.1,50,1045,1.9,1641,-10.6,41,1131,48.3,2.8,1011.9,1025.9,1,1021,2137,1022.8,9.9,.9,1100,.92,3.76,,,,,,8.5,5.6,-1.9,-10.1,-.7,-1.1,-.9,0,1.7,4.9,8.3,13.9,16.7,.9,1.2,0,
108,2022-01-16,-2,-7.2,2352,2.4,208,.42,,,,,0,9.4,250,1503,5.7,250,1408,3.3,2808,-10.4,29,1427,54.5,3,1014.2,1028.6,2352,1021.1,318,1025.2,9.9,8.8,1200,2.07,11.98,,,,,,1.6,1.6,-.3,-9.3,-.1,-.5,-.5,.1,1.7,4.8,8.2,13.8,16.7,1.5,2.1,,
108,2022-01-17,-5.8,-9.2,518,.1,1317,4.92,,,,,.5,8,230,1706,4.1,270,1337,2.2,1865,-12.5,38,1136,59.9,2.4,1016.5,1029.4,2131,1024.9,1603,1027.7,9.9,4.5,1100,1.83,8.07,.8,1745,.8,1745,.8,2.5,2.5,-4.2,-15.4,-.9,-1.2,-.8,.1,1.6,4.8,8.1,13.7,16.7,.9,1.3,.5,
108,2022-01-18,-5.6,-9.9,744,-.7,1514,,,,,,,6.6,340,1444,4.3,290,1525,2.3,1953,-15.3,27,1403,47.9,1.9,1017.6,1030.8,939,1026.9,1510,1028.7,9.9,9.2,1200,2.1,12.4,,,.5,1,,.3,0,-2.8,-15.2,-1.1,-1.4,-1,-.1,1.5,4.7,8,13.6,16.6,1.4,1.9,0,
108,2022-01-19,-5.3,-7.7,2357,-2.7,1558,7.08,,,,,1.7,8.3,320,1759,4.7,320,2038,2.1,1821,-9.6,50,132,72.3,3,1013.9,1028.1,8,1022.4,1512,1025,9.9,0,1100,.43,2.13,3.5,1340,3.5,1340,3.5,5.1,5.1,-3.4,-13.3,-1.2,-1.5,-1.1,-.2,1.5,4.6,7.9,13.5,16.6,.4,.5,1.7,
108,2022-01-20,-5,-9.8,605,.9,1603,,,,,,,7,320,1922,4.7,320,1927,1.8,1582,-11.1,42,1631,63.5,2.6,1018.1,1031,2345,1026.2,1,1029.3,10,9.1,1200,2.05,12.29,,,2.4,1,,0,0,-2.5,-16,-1.1,-1.4,-1.1,-.2,1.4,4.5,7.8,13.4,16.6,1.2,1.8,,
108,2022-01-21,-2.7,-8.7,755,4.6,1534,,,,,,,5,50,1301,3,50,1144,1.8,1512,-10.9,29,1544,55.6,2.7,1019.3,1032.8,951,1028.4,2342,1030.3,10,9.2,1200,2.15,12.79,,,,,,0,0,-1.9,-14.4,-1,-1.3,-1.1,-.2,1.4,4.5,7.8,13.3,16.5,1.5,2.2,,
108,2022-01-22,.3,-5,734,7.1,1512,,,,,,,5.2,290,1854,3.4,290,1855,1.7,1506,-8.7,32,1618,52.4,3.2,1015.4,1028.5,228,1024.4,1403,1026.3,10,6,1300,1.86,9.7,,,,,,5.9,2.6,-.3,-10.4,-.6,-1.1,-.9,-.2,1.3,4.4,7.7,13.3,16.5,1.4,2,,
108,2022-01-23,2,-.6,549,6.7,1411,,,,,,,5.7,70,2329,3.1,250,1212,1.7,1481,-6.8,43,1017,52.4,3.7,1011.5,1025,5,1019.9,1607,1022.3,10.1,5.3,1300,1.79,7.67,,,,,,4.8,3.3,.4,-7.1,.1,-.5,-.5,-.1,1.4,4.3,7.6,13.2,16.4,1.4,2,,
108,2022-01-24,4.6,1.3,1,8.4,1329,,,,,,,9.6,70,1001,5.5,70,959,3.5,3053,-3.6,44,1310,56,4.7,1011,1023.1,1112,1020.5,1431,1021.7,10.1,4,1100,1.65,8.71,,,,,,4.9,4.4,.8,-1.3,.2,-.4,-.5,-.1,1.4,4.3,7.5,13.1,16.4,1.7,2.4,.5,
108,2022-01-25,2.8,1.9,822,4.5,1,11.75,,,,,.7,7.7,250,1744,4.9,270,1748,2.3,1991,-.4,51,1,80,6,1010.2,1022.2,2320,1019.2,1501,1021,10.1,0,1300,.41,1.7,,,,,,9.4,7.9,.9,-.2,.3,-.2,-.4,-.1,1.4,4.2,7.4,13,16.3,.4,.6,.2,
108,2022-01-26,1.3,-1.9,639,6.8,1429,,,,,,,7.7,320,2120,4.6,320,2124,2.2,1913,-5.7,33,1709,62.8,4.1,1013.7,1025.8,2245,1022.2,1,1024.5,10.1,8.4,1200,2.02,11.54,,,,,,2.4,0,1.3,-9.2,.3,-.2,-.4,0,1.4,4.2,7.4,12.9,16.3,1.7,2.5,,
108,2022-01-27,-1.1,-4.6,757,4,1541,,,,,,,7.7,290,2023,4.1,290,2032,2.1,1854,-10.5,31,1520,50,2.8,1014.2,1026.5,827,1022.8,1448,1025.1,10.2,8.9,1100,1.9,11.72,,,,,,2.1,0,.3,-9.6,.3,-.2,-.3,0,1.4,4.1,7.3,12.9,16.3,1.6,2.3,,
108,2022-01-28,-2.7,-5.9,811,2.1,1516,,,,,,,8.2,290,1613,5.1,290,2324,2.8,2379,-11.5,33,1518,51.6,2.5,1014.1,1027,925,1023.3,1902,1025.1,10.2,9.2,1200,2.23,13.65,,,,,,2,0,-.9,-9.7,0,-.4,-.3,.1,1.4,4.1,7.2,12.8,16.2,1.6,2.3,,
108,2022-01-29,-3.6,-7.2,741,.9,1531,,,,,,,8.6,320,1426,5.1,320,1429,2.4,2110,-13.3,28,1510,48.9,2.2,1011.5,1024.8,4,1020.3,1632,1022.4,10.2,9.5,1200,2.26,14.07,,,,,,.8,0,-1.5,-13.3,-.4,-.7,-.4,.1,1.4,4.1,7.2,12.7,16.2,1.6,2.3,,
108,2022-01-30,-2.8,-8,713,2.4,1629,,,,,,,7.8,290,1335,4.6,270,1409,2.2,1911,-13.4,27,1510,45.4,2.2,1011.5,1024.5,2351,1020.6,1456,1022.4,10.3,9.6,1200,2.31,14.1,,,,,,.6,0,-1.4,-14.2,-.6,-.9,-.6,.1,1.4,4,7.1,12.6,16.1,1.8,2.6,,
108,2022-01-31,-.7,-6.8,736,4.8,1507,2.75,,,,,1.2,8.7,200,2118,4.3,250,1617,1.9,1673,-7.9,39,1229,59,3.5,1012.9,1025.9,802,1021.8,2018,1023.8,10.3,8,1100,1.95,11.47,1.8,2335,1.8,2335,1.8,3.3,2.9,-.7,-14.1,-.5,-.9,-.6,.1,1.4,4,7.1,12.6,16.1,1.3,1.9,2.9,
108,2022-02-01,-1.3,-2.7,2345,.9,1601,4.83,,,,,1.7,9,320,1348,4.4,270,1229,2.6,2271,-4.9,59,1509,76.6,4.3,1014.2,1028.8,2357,1021.8,449,1025.2,10.3,4.7,1300,1.66,9.04,3.3,555,5,555,3.3,6.6,6.6,-.4,-6,.2,-.4,-.4,.1,1.4,4,7,12.5,16.1,.9,1.3,0,
108,2022-02-02,-3.4,-6,541,0,1529,,,,,,,8.3,290,1428,5,250,1408,2.4,2053,-10.4,36,1453,60.5,2.8,1017.4,1030.2,925,1027.2,2315,1028.5,10.4,9.2,1200,2.36,14.68,,,.5,1,,3.5,3.1,-.6,-11.1,-.1,-.5,-.4,.1,1.4,3.9,7,12.4,16,1.4,2.1,,
108,2022-02-03,-3.4,-6.9,746,.4,1458,,,,,,,8.2,270,1611,4.6,270,1601,2.4,2088,-12.2,34,1235,52.4,2.4,1016.3,1029,1036,1026,1442,1027.3,10.4,9.7,1200,2.39,14.87,,,,,,1.5,0,-.8,-12.8,-.3,-.7,-.4,.1,1.3,3.9,6.9,12.3,16,1.6,2.3,,
108,2022-02-04,-5.2,-8.2,2356,-.7,1404,.67,,,,,0,12.3,290,2019,6.5,290,2019,3.1,2648,-13.4,35,1134,53.3,2.2,1014.2,1027,201,1023.5,1722,1025.3,10.4,7.3,1200,2.41,12.94,,,,,,1.9,1.9,-2.6,-13.2,-.6,-.9,-.5,.1,1.3,3.9,6.9,12.3,15.9,1.5,2.1,0,
108,2022-02-05,-6.6,-9.7,742,-2,1508,,,,,,,11.9,270,1637,6.8,270,1521,3.1,2716,-15.7,36,1609,48.8,1.8,1015.4,1028,2022,1024.4,1438,1026.5,10.5,9.1,1200,2.43,14.31,,,,,,.9,.9,-3.1,-12.9,-1,-1.3,-.8,0,1.3,3.9,6.8,12.2,15.9,1.4,2,,
108,2022-02-06,-3.9,-8.4,500,1.7,1537,,,,,,,11.4,290,1253,5.4,290,1301,2.5,2178,-13,31,1533,50.3,2.3,1016.9,1029.9,2348,1026,1537,1028,10.5,9.5,1300,2.39,14.83,,,,,,1,.3,-1.5,-14.7,-1.1,-1.4,-1,-.2,1.2,3.8,6.8,12.1,15.8,1.7,2.5,,
108,2022-02-07,-2.5,-7.3,510,1.9,1259,,,,,,,9.7,290,1358,4.6,290,1424,1.8,1537,-11.6,31,1313,51.3,2.6,1017.5,1030.2,1036,1026.3,1511,1028.5,10.5,6.5,1200,2.04,10.41,,,,,,6.1,1.3,-1.6,-13.7,-.8,-1.1,-.9,-.2,1.2,3.8,6.7,12.1,15.8,1.3,1.8,,
108,2022-02-08,-.1,-4.1,629,5.6,1555,,,,,,,6.8,320,1335,3.7,290,1440,1.9,1648,-9,26,1556,53.8,3.1,1016.6,1028.5,2245,1025.9,1629,1027.5,10.6,8.1,1300,2.36,14.49,,,,,,1.5,.4,1.3,-10.1,-.3,-.8,-.7,-.2,1.2,3.7,6.7,12,15.8,1.9,2.7,,
108,2022-02-09,1,-4.3,757,7.2,1400,,,,,,,5.7,320,2112,3.5,290,2101,1.8,1591,-8.4,26,1527,52.3,3.2,1014.7,1029,824,1023,1643,1025.6,10.6,9.2,1300,2.09,12.8,,,,,,5.5,0,.9,-11.2,-.2,-.6,-.6,-.1,1.2,3.7,6.7,11.9,15.7,1.8,2.6,,
108,2022-02-10,1.4,-3.2,707,6.7,1544,,,,,,,8.8,320,1439,4.9,320,1447,2.3,1949,-6.3,33,1335,57.8,3.9,1012.5,1024.9,2303,1021.9,1431,1023.3,10.6,9.6,1200,2.37,14.93,,,,,,1.6,0,2.1,-10,.1,-.4,-.5,-.1,1.2,3.7,6.6,11.9,15.7,2,2.8,,
108,2022-02-11,2.9,-2.6,740,8.8,1449,,,,,,,6.8,270,1439,3.5,250,1447,1.8,1553,-4.3,34,1453,61.1,4.5,1015.5,1028.2,900,1024.5,127,1026.3,10.7,8.9,1200,2.16,13.28,,,,,,2.6,0,3.3,-10.5,.2,-.3,-.4,-.1,1.2,3.6,6.6,11.8,15.6,1.9,2.7,,
108,2022-02-12,4.8,-.1,727,10.4,1605,,,,,,,6.7,250,1433,3.8,270,1516,1.7,1461,-6.1,22,1409,50.4,4.1,1014,1027.1,852,1022.6,1704,1024.7,10.7,9.3,1200,2.39,15.11,,,,,,3.5,0,5.1,-5.5,.4,-.2,-.4,0,1.2,3.6,6.5,11.7,15.6,2.6,3.8,,
108,2022-02-13,4.8,1.6,330,9.5,1616,,,,,,,5.4,340,1413,3.5,320,1507,1.8,1543,-6.3,32,1634,44.9,3.9,1011.3,1023.5,230,1020.1,1718,1022,10.8,3,1000,1.39,9.29,,,,,,5.3,.9,2.2,-5.7,.4,-.2,-.3,0,1.2,3.6,6.5,11.7,15.6,1.7,2.4,,
108,2022-02-14,2.5,-1.3,2352,8.1,1248,2.42,,,,,1.7,10.2,230,1426,5.7,270,1554,2.9,2470,-3,43,1414,68.3,5,1009.5,1022.1,152,1017.7,1431,1020.2,10.8,.9,1200,1.55,7.04,,,,,,6.6,3.1,1.4,-6.2,.5,-.1,-.3,.1,1.2,3.6,6.5,11.6,15.5,1.3,1.8,1.7,
108,2022-02-15,-4.7,-7.7,2321,-1.3,1,12.17,,,,,0,9.9,270,25,5.7,270,447,3.8,3315,-11.8,44,2013,58,2.5,1011.1,1023.7,2223,1020.5,333,1022.1,10.8,3,1300,1.86,9.99,,,,,,5.6,5.6,-1.5,-9,.4,-.1,-.3,.1,1.2,3.6,6.4,11.6,15.5,1.1,1.6,0,
108,2022-02-16,-7.3,-9.6,2400,-4.1,1526,.33,,,,,0,11.4,270,1259,6.8,270,1308,3.7,3203,-16.1,32,1359,50.4,1.8,1012.9,1025.7,2354,1022.2,1605,1024.1,10.9,9,1200,2.67,16.28,,,,,,.9,.9,-2.3,-11.1,.1,-.3,-.3,.1,1.2,3.5,6.4,11.5,15.4,1.5,2.2,,
108,2022-02-17,-6.2,-10.7,752,-.5,1554,,,,,,,10.4,290,248,4.9,290,250,2.5,2171,-17.3,28,1559,41.6,1.6,1017.5,1031.2,2359,1025.6,118,1028.7,10.9,9.8,1200,2.64,17.2,,,,,,0,0,-.1,-12.8,-.6,-.8,-.4,.1,1.2,3.5,6.4,11.5,15.4,1.7,2.4,,
108,2022-02-18,-1.2,-8,716,5.7,1531,,,,,,,6.1,290,1809,3.6,270,1731,2,1720,-13.5,21,1526,40.4,2.2,1018.8,1033.2,728,1026.3,2348,1029.8,10.9,8.6,1200,2.55,15.91,,,,,,3.9,1,1.6,-13.7,-.5,-.8,-.5,.1,1.2,3.5,6.3,11.4,15.3,2.2,3.2,,
108,2022-02-19,-1.7,-6.2,2345,3.7,1403,2.17,,,,,.1,11.5,290,2010,6.6,290,1959,2.9,2531,-10.3,38,1500,52.9,2.9,1013,1026.7,26,1021.4,1655,1024,11,2.9,1300,2.06,9.25,.1,1730,.1,1730,.1,6.5,3.1,.1,-8.6,.2,-.3,-.4,.1,1.2,3.5,6.3,11.3,15.3,1.4,2,.1,
108,2022-02-20,-4.8,-8.4,703,-.5,1548,,,,,,,11,270,1502,6.3,290,1145,4.1,3503,-16.3,24,1619,41.1,1.7,1015.5,1029.1,2319,1024.2,1,1026.6,11,10,1200,2.76,18.09,,,,,,.1,.1,.3,-9.7,-.2,-.6,-.4,.1,1.2,3.5,6.3,11.3,15.3,1.9,2.7,,
108,2022-02-21,-3,-8.1,623,3.6,1415,2.58,,,,,.1,13.1,250,1336,7.1,270,1528,2.9,2514,-10.6,41,1413,56.3,2.8,1016.9,1030.9,2359,1024.7,1331,1027.9,11,6.5,1400,1.77,11.41,,,,,,2.5,2.5,-.1,-14.8,-.4,-.8,-.5,.1,1.2,3.5,6.3,11.2,15.2,1.5,2.2,.1,
108,2022-02-22,-4.5,-8,2400,.5,1438,,,,,,,11.9,270,1946,5.6,320,1952,3.2,2748,-15.2,33,938,43.3,1.9,1021,1033.9,2358,1030.3,1432,1032.1,11.1,8,1100,2.51,15.64,,,,,,1,.8,.5,-11.7,-.3,-.7,-.5,.1,1.2,3.5,6.2,11.2,15.2,1.7,2.5,,
108,2022-02-23,-5.6,-10,721,-.6,1623,,,,,,,10,320,1447,5.5,290,1450,2.6,2220,-18,24,1550,38.5,1.5,1021.9,1035.6,925,1030.7,1659,1033.1,11.1,10.2,1200,2.82,18.78,,,,,,0,0,.3,-14.7,-.6,-1,-.6,.1,1.2,3.4,6.2,11.1,15.1,2,2.9,,
108,2022-02-24,-2.4,-8.5,508,3.7,1454,,,,,,,10.2,230,1501,5,320,1232,2.2,1880,-11.1,31,1113,52.4,2.8,1019.6,1033.2,925,1028.3,2349,1030.7,11.2,10.3,1200,2.72,18.42,,,,,,0,0,1.9,-15.8,-.6,-1,-.7,0,1.2,3.4,6.2,11.1,15.1,1.9,2.7,,
108,2022-02-25,3,-3.6,716,8.4,1537,,,,,,,8.4,250,1255,4.8,250,1555,2.3,2009,-.7,55,1234,77.5,5.9,1015.6,1029.2,848,1023.6,2353,1026.4,11.2,6.4,1100,2.16,12.36,,,,,,3.8,3.8,3.6,-11.1,0,-.5,-.5,0,1.2,3.4,6.2,11,15.1,1.5,2.1,,
108,2022-02-26,5.4,1,2355,9.3,1313,3.58,,,,,1.1,14.5,290,2110,7.2,290,2116,3.9,3369,1.8,63,1325,78.4,7.1,1006.9,1023.7,1,1011.6,1843,1017.5,11.2,.2,1200,1.32,5.58,,,,,,8,6.4,3.7,-2.5,.5,-.2,-.4,0,1.2,3.4,6.1,11,15,1.2,1.8,1.1,
108,2022-02-27,3.7,-1.6,730,9.1,1513,,,,,,,12.3,200,1501,7.4,250,1442,2.8,2453,-4.5,33,1144,56.6,4.5,1010.9,1023.2,916,1017.3,1,1021.6,11.3,10.5,1200,2.78,18.62,,,,,,0,0,3.9,-8.1,.5,-.2,-.3,.1,1.2,3.4,6.1,10.9,15,2.5,3.6,,
108,2022-02-28,6.8,2.7,48,11.5,1626,,,,,,,6.1,250,2254,3.3,200,2212,1.5,1297,-.5,36,1622,62.3,6,1009.9,1024.2,803,1016.4,2400,1020.5,11.3,3.4,1200,2.02,10.5,,,,,,8,5.1,3.4,-2.8,.8,-.1,-.3,.1,1.2,3.4,6.1,10.9,14.9,1.6,2.3,2.3,
108,2022-03-01,5.8,.3,2355,9.7,1616,7.08,,,,,2.3,9.8,290,2039,5.4,250,1630,2.3,1978,.5,46,1647,70.5,6.6,1004.2,1018.5,2328,1012.5,1426,1014.7,11.4,2.5,1400,1.2,6.49,,,,,,6.1,4.8,5.7,-4.6,1.1,.1,-.3,.1,1.2,3.3,6,10.8,14.9,1.3,1.8,,
108,2022-03-02,3.5,-2.3,611,8.8,1256,,,,,,,10.6,250,1603,6.3,230,1547,2.7,2336,-5,29,1201,55.9,4.3,1007,1019.5,852,1015.9,1634,1017.7,11.4,10.7,1200,2.81,19.53,,,,,,1,1,4,-8.2,.7,0,-.3,.1,1.2,3.3,6,10.8,14.8,2.7,3.8,,
108,2022-03-03,5.8,.9,720,12.4,1413,,,,,,,9,270,1607,4.7,290,1609,2.1,1842,-4.6,24,1511,52.9,4.5,1007.1,1019.4,948,1016.7,1745,1017.7,11.4,10.6,1200,2.85,19.16,,,,,,0,0,5.5,-7.3,1.4,.4,-.3,.1,1.2,3.3,6,10.8,14.8,3.2,4.5,,
108,2022-03-04,6.9,.6,652,14.6,1338,,,,,,,18.5,180,1414,8.8,180,1419,3.6,3068,-.5,35,1537,60.5,6.1,1001,1017.6,6,1005.9,1707,1011.4,11.5,3.7,1300,2.31,10.65,,,,,,5.1,4.1,3.7,-5.1,1.7,.6,-.3,.2,1.7,3.3,6,10.7,14.8,2.5,3.6,,
108,2022-03-05,2.3,-.7,2341,6.7,1600,,,,,,,15.2,250,1434,7.5,250,1438,4.3,3697,-11,22,1248,38.4,2.7,1005.2,1020,2333,1009.7,1,1015.8,11.5,10.5,1200,2.96,20.26,,,,,,.1,.1,4.4,-2.7,1.5,.6,-.2,.5,2.6,3.4,6,10.7,14.7,3.3,4.7,,
108,2022-03-06,1.4,-3,629,6.8,1603,,,,,,,8.6,270,1733,4.9,320,1458,2.6,2224,-11.5,20,1405,39.5,2.6,1011,1023.8,908,1019.6,1642,1021.8,11.6,10.8,1200,3.03,21,,,,,,1.3,0,5,-9.8,1.4,.8,.7,1.4,2.9,3.6,6,10.6,14.7,3,4.3,,
108,2022-03-07,2.8,-2.7,703,8.7,1505,,,,,,,6.5,270,1630,3.9,270,1633,2,1734,-8.1,24,1422,45.8,3.3,1010,1022.6,741,1018.8,1502,1020.7,11.6,7,1200,2.49,14.99,,,,,,6.1,2.4,3.9,-8.5,2.4,1.7,1.7,2,3,3.8,6,10.6,14.7,2.2,3.1,,
108,2022-03-08,6,1.1,307,12.3,1455,,,,,,,7.5,290,1541,4.1,270,1550,2,1692,-2.3,44,48,56.1,5.3,1008.6,1020.2,143,1017.3,1452,1019.2,11.6,8.2,1100,2.59,16.44,,,,,,4.9,3.5,6.8,-5.3,4,3.2,2.8,2.7,3.2,4,6.1,10.5,14.6,2.3,3.2,,
108,2022-03-09,7.1,1.7,706,14.8,1520,,,,,,,6.5,270,1732,4.2,250,1728,1.9,1667,1.3,34,1504,69.6,6.7,1011.2,1023.6,830,1019.7,1,1021.8,11.7,8.7,1300,2.81,18.85,,,,,,2.3,1.3,9,-4.2,5.4,4.6,4.1,4,3.9,4.2,6.2,10.5,14.6,,,,
108,2022-03-10,9.3,4.2,658,15.8,1534,,,,,,,9.6,200,1435,5.1,200,1558,2.1,1802,-1.6,17,1424,51.4,5.5,1010.1,1022.5,816,1018.8,1636,1020.6,11.7,9.3,1200,2.41,16.75,,,,,,6.6,0,9.3,-2.1,6.6,5.9,5.3,5,4.7,4.4,6.3,10.5,14.5,3.4,4.8,,
108,2022-03-11,11.2,5.1,641,18.4,1544,,,,,,,6.4,270,1401,3.3,180,1330,1.9,1654,3.2,44,1602,58.4,7.9,1007.8,1020.3,954,1015.6,1601,1018.1,11.8,5.9,1200,2.71,14.49,,,,,,5.3,2.8,11.4,-1,7.6,6.8,6.1,5.8,5.3,4.7,6.4,10.4,14.5,2.6,3.8,,
108,2022-03-12,12.8,6.3,632,19.5,1408,3.33,,,,,2.6,10.3,200,2128,5.2,180,2213,2.7,2350,7.6,49,1213,72.1,10.7,1004.4,1018.4,753,1010.8,2247,1014.6,11.8,3.2,1200,2.35,12.82,,,,,,5.8,4.4,12.1,-.5,9.1,8.1,7.3,6.8,6.1,5,6.5,10.4,14.5,2.1,3,44.4,
108,2022-03-13,11.7,10.7,111,12.6,1,12.42,,,,,42.1,9.5,200,321,4.8,320,43,1.9,1661,10.9,90,1939,95.5,13,1000.6,1013.7,2238,1009.2,1401,1010.9,11.8,0,1400,.35,2.1,,,,,,9.4,9.1,11.1,8.2,10.7,9.9,9.3,8.7,7.5,5.4,6.6,10.4,14.4,.5,.8,.3,
108,2022-03-14,8.2,4.9,2350,13.2,1205,5.58,,,,,8.7,12,250,1216,6.2,250,1243,3.2,2724,6.6,82,1117,90.3,9.9,1001,1013.6,226,1008.9,1407,1011.4,11.9,0,1000,.62,2.18,,,,,,6.4,5.5,7.7,3.3,9.4,8.9,8.7,8.5,8,6,6.8,10.3,14.4,.6,.8,8.7,
108,2022-03-15,7.2,2.3,702,13.3,1538,,,,,,,7,290,2112,3.9,250,101,2,1698,2.2,46,1605,72.6,7.2,1003.7,1016.3,759,1011.4,1709,1014.2,11.9,7.1,1300,2.76,17.55,,,,,,3.8,2.4,9.8,-.9,8.7,8.1,7.7,7.8,7.7,6.4,7.1,10.3,14.3,2.2,3.2,,
108,2022-03-16,10.3,3.6,703,16.8,1513,,,,,,,6.5,320,1551,4.3,290,1333,2.1,1818,3,38,1552,62.6,7.6,1006.2,1019.8,2213,1013.9,339,1016.6,12,8.1,1200,2.76,17.67,,,,,,3.8,0,10.8,-1,9.2,8.5,8.2,8.1,7.8,6.6,7.3,10.3,14.3,3,4.3,,
108,2022-03-17,10.7,7.8,2333,15.1,1413,5.5,,,,,1.2,10.5,70,2215,5.9,50,2052,2.7,2325,3.5,45,1344,62,7.9,1008.5,1021,902,1016.7,1715,1018.8,12,1.9,1100,2.17,9.49,,,,,,10,7.6,9.7,5.9,10.3,9.6,9.1,8.8,8.3,6.9,7.5,10.3,14.3,2.2,3.1,1.2,
108,2022-03-18,7.5,5.5,2356,9.6,1246,4.17,,,,,0,12.3,70,24,7.1,50,642,4.4,3817,.3,52,1536,60.8,6.3,1000.8,1017.7,1,1008.4,2355,1011.2,12,0,1100,.8,5.17,,,,,,9.1,7.5,7.2,4.6,9.1,8.7,8.7,8.7,8.6,7.1,7.7,10.2,14.2,1.5,2.2,10,
108,2022-03-19,3.4,.9,721,6.1,1557,11.58,,,,,14.6,8.7,70,131,4.9,50,5,3,2556,1,62,1,84.6,6.6,998.9,1015.6,2346,1005,735,1009.5,12.1,0,1300,.92,4.93,.7,1050,.7,1050,.7,8.9,7.9,4.6,-.5,6.9,6.6,7,7.6,8.1,7.4,7.9,10.2,14.2,.7,1,4.6,
108,2022-03-20,5.4,2.2,2400,9.3,1556,3.58,,,,,0,9.1,200,1652,5,230,1648,2.6,2219,-.8,41,1518,66.1,5.9,1008.2,1022.9,2358,1015.6,1,1018.8,12.1,6.3,1400,2.49,15.76,,,,,,5.1,4.3,8.2,-1.7,7.2,6.7,6.6,6.9,7.3,7.4,8,10.2,14.2,2.3,3.2,0,
108,2022-03-21,5,-.3,640,10.9,1355,,,,,,,8.4,290,2138,4.9,320,2200,2.4,2057,-5.1,27,1309,49.5,4.2,1013.3,1026.3,740,1022.1,1847,1024,12.2,6.8,1200,2.62,16.69,,,,,,7.5,.4,6.2,-5.4,6.8,6.4,6.5,6.9,7.4,7.4,8.2,10.2,14.1,2.7,3.9,,
108,2022-03-22,7.1,1.1,637,13.6,1617,,,,,,,8.3,270,1904,5.1,270,1911,2.2,1892,-3.5,27,1356,48.9,4.8,1011.4,1024.5,831,1019,1755,1022,12.2,11,1200,3.04,21.71,,,,,,2.5,0,9.5,-3.5,7.7,7.1,6.9,7,7.3,7.4,8.3,10.2,14.1,3.3,4.8,,
108,2022-03-23,6.2,4.9,616,8.2,1615,,,,,,,7.8,270,1251,4,250,1626,2.3,1956,-1.9,41,1257,56.8,5.4,1007.5,1020.5,23,1016.4,1634,1018.1,12.2,0,1000,.99,7.05,,,,,,9,6.3,7,-.3,7.7,7.3,7.3,7.6,7.7,7.4,8.3,10.2,14.1,1.4,2,,
108,2022-03-24,8.2,3.9,453,12.4,1459,,,,,,,6,200,1550,3.9,200,1511,1.8,1535,3.1,56,1,70.6,7.7,1009.1,1021.7,2245,1017.4,412,1019.6,12.3,.7,1400,1.86,6.34,,,,,,8.4,4.4,8.5,0,7.8,7.2,7.1,7.3,7.6,7.5,8.4,10.2,14,1.2,1.8,,
108,2022-03-25,12,6.3,559,17.2,1549,4.75,,,,,10.9,10.4,50,2303,6.1,50,2306,2.6,2287,6.2,46,1320,70,9.6,1004.5,1022.2,227,1003.2,2358,1014.8,12.3,1.3,900,1.42,9.06,,,,,,7.9,3.9,10.3,1.9,9,8.4,7.8,7.7,7.7,7.5,8.5,10.2,14,1.7,2.4,29.5,
108,2022-03-26,11.8,9.5,959,14.7,1735,11.08,,,,,19.8,12,230,726,6,230,728,2.9,2529,8.2,53,2116,80.9,11.2,992.1,1011.7,2352,994.9,548,1002.3,12.4,.9,1000,1.1,6.39,,,,,,8.3,5.6,12,6,11,10.3,9.6,9.2,8.5,7.6,8.5,10.2,14,1.3,1.9,1.2,.17
108,2022-03-27,8.1,5,2354,12.6,1432,,,,,,,13.5,290,1534,7.3,320,1701,3,2573,-2.7,23,1650,49.1,5.2,1005.6,1022.6,2357,1011.5,1,1016,12.4,10.4,1200,3.09,22.23,,,,,,.3,.3,10.8,-1.5,9.8,9.3,9.2,9.3,9,7.8,8.5,10.2,13.9,3.9,5.6,,
108,2022-03-28,8.2,1.5,611,15.1,1600,,,,,,,7.6,250,1801,4.7,270,1805,2.1,1833,-6.9,15,1428,35.6,3.7,1015.2,1027.5,925,1022.5,7,1025.7,12.5,11.7,1200,3.38,24.71,,,,,,.5,0,10.5,-6.7,9.2,8.7,8.6,8.8,8.9,8.1,8.6,10,13.9,4.6,6.6,,
108,2022-03-29,9.7,3.3,533,15.6,1545,,,,,,,8.6,270,1512,4.8,270,1443,2.1,1845,.3,37,1,52.9,6.4,1013.9,1027.4,126,1022.1,1940,1024.4,12.5,11.2,1200,3.21,23.32,,,,,,1.4,.4,11.6,-3.9,9.8,9.2,8.9,9,9,8.2,8.8,10,13.9,3.6,5.2,,
108,2022-03-30,10.8,5.9,629,15.7,1209,3.25,,,,,.4,6.1,50,954,3.6,50,958,1.8,1573,6.6,50,1214,76.5,9.9,1010.3,1022.7,217,1017.2,1641,1020.6,12.5,1.2,1100,1.85,7.64,,,,,,7,5.4,9.7,-.7,10.1,9.6,9.4,9.4,9.3,8.3,8.9,10.1,13.8,1.4,1.9,.4,
108,2022-03-31,10.9,7.6,2352,14.7,1421,,,,,,,8.6,250,1603,4.7,340,1632,2.5,2174,3.8,43,1711,63.5,8.1,1013.4,1028,2357,1020.5,117,1023.8,12.6,3.3,1400,1.95,13.98,,,,,,7,4.6,11.9,1,11.3,10.6,10.1,9.9,9.5,8.5,9,10.1,13.8,2.7,3.9,,
108,2022-04-01,9.2,4.5,620,14.9,1347,,,,,,,9.5,270,1510,5,270,1516,2.6,2257,-1.3,26,1453,50.5,5.6,1018.1,1030.8,855,1026.5,1704,1028.7,12.6,10.9,1100,3.08,23.35,,,,,,1.1,.6,12.2,.2,10.8,10.2,10,10,9.8,8.6,9.1,10.2,13.8,3.7,5.3,,
108,2022-04-02,8.2,3.7,618,14.2,1444,,,,,,,10.9,250,1535,5.4,270,1536,2.3,1962,-1.1,28,1304,55,5.7,1016.7,1028.9,29,1025.2,1450,1027.3,12.6,11.8,1200,3.27,24.09,,,,,,.5,0,11.6,-4.4,10.6,10,9.9,10,9.9,8.8,9.2,10.2,13.8,3.9,5.6,,
108,2022-04-03,9.6,3.5,629,17,1527,,,,,,,8,290,1929,5,270,1744,2.1,1822,-.2,24,1437,55,6.1,1017.3,1029.3,1023,1025.6,1547,1027.8,12.7,11.9,1200,3.31,24.34,,,,,,0,0,12.6,-4.5,11,10.3,10,10.1,10,8.9,9.4,10.2,13.7,4.2,6.1,,
108,2022-04-04,10.3,5.1,638,16.4,1328,,,,,,,8.4,290,1416,4.8,250,1513,2.3,1963,-.7,24,1256,50.3,5.9,1017.2,1029.7,713,1025.9,1747,1027.6,12.7,11.6,1200,3.3,24.75,,,,,,0,0,13.4,-2.8,11.5,10.9,10.6,10.5,10.3,9.1,9.5,10.2,13.7,4.6,6.5,,
108,2022-04-05,10.3,4.9,615,15.8,1409,,,,,,,9,200,1314,5.5,200,1321,2.4,2034,-3,23,1812,41.1,4.9,1011.9,1026.6,1,1019.4,1612,1022.3,12.8,9.9,1200,2.86,21.21,,,,,,6.1,.9,12.3,-4.2,11.3,10.7,10.5,10.6,10.5,9.2,9.6,10.3,13.7,3.9,5.6,,
108,2022-04-06,11.7,8,600,17,1431,,,,,,,7.3,270,1216,4.4,270,1242,2.5,2158,1.4,19,1358,52.3,6.9,1010.5,1023.2,752,1018.9,1732,1020.9,12.8,8.6,1200,3.28,21.54,,,,,,6.4,4.6,13.8,4.5,12.5,11.8,11.3,11,10.7,9.4,9.7,10.3,13.6,4.2,6,,
108,2022-04-07,10.9,7.4,2359,15.7,1310,,,,,,,11.2,200,1625,7.1,200,1617,3.3,2842,-1.8,21,1714,43.5,5.5,1007.5,1020.3,2230,1015.5,1513,1017.9,12.8,10,1200,3.38,24.3,,,,,,2.4,2,15.1,1.9,13.1,12.3,11.9,11.7,11.2,9.6,9.8,10.3,13.6,4.4,6.3,,
108,2022-04-08,12.9,5.1,612,20,1521,,,,,,,8.5,180,1629,5,200,1634,2.1,1806,1.4,27,1315,49,6.7,1008.5,1021.9,846,1015.8,1702,1018.7,12.9,12,1200,3.31,24.92,,,,,,0,0,16.1,-1.5,13.1,12.4,11.9,11.8,11.5,9.8,10,10.3,13.6,4.9,7,.5,
108,2022-04-09,17.8,12.4,751,24.2,1418,1.08,.4,736,.5,710,.5,12,180,1923,6.7,200,1924,3,2573,5,34,1358,43.8,8.9,1004.6,1015.9,2,1012.5,1524,1014.6,12.9,9,1200,3.11,21.41,,,,,,2.4,2.3,18.1,4.4,14.6,13.8,13.1,12.6,11.8,10,10.1,10.3,13.6,5.3,7.6,,
108,2022-04-10,18.2,12.7,614,25.1,1501,,,,,,,8.7,250,1743,4.9,270,1748,2,1758,5.6,22,1436,46,9.1,1006.1,1017.8,743,1013.9,1540,1016.1,13,11.5,1200,3.25,24.18,,,,,,1.5,0,20.1,4.1,15.8,14.9,14.1,13.5,12.5,10.3,10.3,10.4,13.5,5.4,7.8,,
108,2022-04-11,19.6,13.4,556,26.6,1529,,,,,,,8.3,200,1705,4.6,230,1632,2.4,2049,11.2,34,1427,60.4,13.4,1002.7,1016.3,13,1009.2,1743,1012.6,13,10.2,1200,3.29,24.04,,,,,,2.8,2.8,22.4,6.5,16.9,16,15.1,14.4,13.2,10.6,10.4,10.4,13.5,5,7.2,0,
108,2022-04-12,19.3,15.9,2358,26.4,1449,4,.3,2128,.4,2038,.5,10.9,290,1752,6.4,290,1723,2.8,2459,15,50,1431,77.9,17,1000.4,1011.9,527,1007.2,1556,1010.4,13.1,6,1300,3.01,18.23,,,,,,8.6,6.9,23.6,13.8,18.9,17.4,16.4,15.5,14.1,10.9,10.6,10.4,13.5,3.4,4.9,1.8,
108,2022-04-13,13.1,12,2135,15.9,1,5.5,.3,211,.8,128,1.3,14.5,50,1534,8.4,50,1608,4.4,3817,7.2,47,2357,69.3,10.6,1004.2,1017.4,2400,1010.8,109,1014.5,13.1,0,1000,.64,4.06,,,,,,10,7.5,13,10.8,15.6,15.6,15.6,15.5,15,11.4,10.8,10.8,13.5,2.5,3.5,,
108,2022-04-14,13.2,11.4,2335,15.3,1411,,,,,,,11.1,50,826,6.6,50,826,4,3465,3.8,45,354,53.4,8,1008,1020.5,2345,1016.5,429,1018.3,13.1,0,1300,1.63,9.52,,,,,,9.3,6.8,14.2,8.1,13.9,13.6,13.6,13.9,14.1,11.8,11,10.8,13.4,2.7,3.9,,
108,2022-04-15,13.3,7.5,627,19.3,1602,,,,,,,9.9,320,2043,5.7,290,1420,3,2622,1.7,28,1328,46.8,6.9,1007.4,1020.7,12,1013.5,1600,1017.6,13.2,12.2,1200,3.42,26.31,,,,,,1,.4,19,1.8,14.5,13.7,13.4,13.4,13.6,11.9,11.3,10.8,13.4,4.9,7,,
108,2022-04-16,13.2,7.1,557,20.2,1513,,,,,,,9.8,290,1633,5.5,270,1613,2.5,2198,1.5,18,1348,48.5,6.9,1007.2,1019.2,747,1015,1543,1017.5,13.2,12.3,1200,3.47,26.64,,,,,,.3,0,19.1,-1.9,14.8,14.1,13.8,13.7,13.8,12,11.5,10.9,13.4,5.3,7.6,,
108,2022-04-17,14,7.2,559,21.9,1418,,,,,,,9,290,1500,5.2,270,1504,2.3,1995,3.5,24,1818,53.8,7.9,1007.7,1019.6,1021,1016.3,1539,1017.9,13.2,11.7,1200,3.45,26,,,,,,2.6,0,19.5,-1.9,15.4,14.5,14.1,13.9,13.9,12.1,11.6,10.9,13.4,5.1,7.2,,
108,2022-04-18,15.2,11.4,309,21.6,1427,,,,,,,10.2,270,1433,5.5,250,1457,2.4,2053,2.6,21,1429,46.1,7.5,1007.4,1019.3,46,1015.7,1744,1017.6,13.3,7.8,1200,3.19,20.59,,,,,,4.8,.9,19.3,4.4,16.1,15.2,14.7,14.4,14.3,12.2,11.8,10.9,13.4,4.6,6.6,,
108,2022-04-19,15.2,8.9,614,22.1,1357,,,,,,,8.7,250,1411,5.2,250,1558,2.4,2064,4.6,28,1507,51.9,8.5,1006.9,1018.6,108,1015.4,1708,1017.1,13.3,12.1,1200,3.27,25.17,,,,,,0,0,20.5,.4,16.1,15.2,14.8,14.6,14.5,12.4,11.9,11,13.3,5.1,7.4,,
108,2022-04-20,15.7,9.7,610,22.1,1357,,,,,,,9,290,1452,4.7,230,1345,2.3,1969,4,23,1327,48.8,8.1,1005.5,1018,18,1013.2,1643,1015.7,13.4,12.3,1200,3.39,26.26,,,,,,0,0,21.3,-.1,16.5,15.6,15.1,14.8,14.7,12.5,12.1,11,13.3,5.6,8,,
108,2022-04-21,16.3,9.6,543,22.7,1343,,,,,,,10,180,1322,5.9,200,1559,2.8,2382,4.4,21,1146,48.4,8.6,1001.6,1015.1,1,1009.2,1536,1011.7,13.4,6.3,1100,3,19.54,,,,,,5.3,4.4,19.7,.3,16.4,15.6,15.2,15.1,15,12.7,12.2,11.1,13.3,4.8,6.8,,
108,2022-04-22,15,13.2,2349,16.8,929,,,,,,,11.7,200,1238,6.6,230,1251,3.5,3006,10.8,58,103,76.8,13.1,1000.3,1012.8,2354,1008.8,1520,1010.4,13.4,0,900,.45,3.06,,,,,,8.5,8.3,15.1,9.2,15.4,15.1,15.1,15,15.2,12.9,12.4,11.1,13.3,1.1,1.6,,
108,2022-04-23,17.7,10.4,539,25.3,1555,,,,,,,6.8,140,1333,3.5,110,1341,1.7,1510,7.2,21,1749,57.3,10.4,1001.9,1015,842,1008.7,1633,1011.9,13.5,9.1,1200,3.26,23.47,,,,,,6,1,22.9,2.2,17.1,15.8,15,14.7,14.8,13.1,12.5,11.2,13.3,4.2,6,.3,
108,2022-04-24,18.5,15,608,24.5,1418,4.75,.1,,.2,,.3,8,270,1407,5,270,1814,2.3,1976,13.1,48,1553,72.5,15.2,1001.2,1012.5,2320,1008.7,1614,1011.2,13.5,7,1200,3.39,20.45,,,,,,6.4,5.6,22.8,9.1,18.6,17.2,16.3,15.7,15.3,13.2,12.7,11.2,13.3,3.8,5.5,1.1,
108,2022-04-25,20,17,1,23.6,1606,11.25,.1,,.3,529,1.3,5.5,140,2331,3.2,110,2340,1.4,1207,16.3,61,1554,80.5,18.6,1000.6,1013.8,724,1005.9,2356,1010.5,13.5,.3,1300,1.98,8.1,,,,,,10,6,20.6,15.8,18.9,17.9,17.1,16.6,16.1,13.3,12.8,11.3,13.3,2,2.8,1.2,
108,2022-04-26,21.9,17,437,28.7,1451,4.83,.3,249,.8,237,1,11.5,320,1740,6.7,290,1743,3.1,2652,12.5,36,1538,57.9,14.7,993.2,1009.3,2359,998.6,1540,1003,13.6,9.5,1200,3.48,24.94,,,,,,5,2.1,26,12.3,20.6,19,17.8,17,16.3,13.6,12.9,11.3,13.2,6.3,9,,
108,2022-04-27,17.7,12.6,528,23.9,1551,,,,,,,9.5,340,604,4.7,320,613,2.7,2344,.1,17,1407,31.5,6.3,1004.3,1017.3,2258,1009.3,1,1014.4,13.6,11.8,1200,3.46,26.83,,,,,,.4,0,24.1,5,19.4,18.6,18,17.5,17,13.9,13.1,11.4,13.2,6.4,9.1,,
108,2022-04-28,18.2,11.6,603,25.9,1432,.25,0,,0,,0,13.1,50,2202,5.6,50,2150,2.6,2249,4.9,19,1359,44,8.8,1005.6,1018.8,658,1013.2,1529,1015.6,13.6,8.3,1200,3.29,22.34,,,,,,5.8,3.5,24.4,4.4,19.4,18.3,17.7,17.4,17.1,14.2,13.3,11.5,13.2,5.1,7.3,15.5,
108,2022-04-29,13.4,10.7,619,16.5,1236,9.75,.9,454,4,423,15.5,10.6,70,917,5.7,50,1016,3.4,2947,7.8,54,1415,70.6,10.7,1006.3,1020.3,2356,1014.2,252,1016.5,13.7,1.5,1100,2.77,13.08,,,,,,8.8,7.4,15.1,8.4,17.1,17,17.2,17.2,17.3,14.4,13.4,11.5,13.2,2.6,3.7,0,
108,2022-04-30,13,10.5,143,17.8,1326,,,,,,,10.5,270,1513,6.6,270,1511,2.9,2494,7,49,1328,68,10.1,1007.2,1020.5,9,1014.5,1651,1017.4,13.7,.8,1300,2.18,12.52,,,,,,8,5.8,14.6,5.9,16,15.7,15.9,16.1,16.6,14.6,13.6,11.6,13.2,2.6,3.7,,
108,2022-05-01,13.4,7.9,514,19.2,1512,,,,,,,14.1,230,1415,7.5,230,1424,3.1,2702,3.3,22,1329,54.8,7.9,1002.6,1016.6,16,1010.3,1739,1012.8,13.8,10,1200,3.63,27.41,,,,,,1.3,1.3,19.1,-.5,16.1,15.5,15.4,15.6,16.1,14.6,13.8,11.6,13.2,5.1,7.3,,
108,2022-05-02,14.2,9.1,538,19.4,1508,,,,,,,10.4,290,1233,5.2,250,1250,2.4,2087,4.3,26,1621,56.5,8.5,1003.2,1016.7,2350,1011.6,1514,1013.4,13.8,10.4,1200,3.69,26.03,,,,,,2,2,20.3,.9,16.7,16.1,15.9,15.9,16.2,14.6,13.9,11.7,13.2,4.9,7,,
108,2022-05-03,14.8,9.1,606,20.8,1535,,,,,,,9.5,250,1658,5.3,180,1300,2.5,2180,2.2,24,1430,45.9,7.3,1008.5,1019.8,2242,1016.7,1,1018.7,13.8,12.5,1200,3.51,28.07,,,,,,1,0,21.5,.4,17.3,16.5,16.2,16.1,16.3,14.6,14,11.7,13.2,5.9,8.4,,
108,2022-05-04,17.8,10,620,25.2,1348,,,,,,,9.8,230,1427,5.7,230,1545,2.7,2354,4.8,31,1011,43.3,8.7,1008.5,1019.8,21,1016.5,1603,1018.6,13.9,12.6,1200,3.41,27.22,,,,,,0,0,23.3,2.3,18.3,17.3,16.7,16.6,16.6,14.7,14.1,11.8,13.2,6.3,8.9,,
108,2022-05-05,18.9,12.5,557,25.8,1501,,,,,,,7.2,230,1741,4.8,270,1812,2.2,1934,7.1,30,926,48.1,10.3,1008.3,1020.5,945,1015.7,1704,1018.4,13.9,12.7,1200,3.67,29.35,,,,,,.5,0,26.5,3.3,19.6,18.5,17.7,17.2,17,14.8,14.2,11.9,13.2,6,8.5,,
108,2022-05-06,19.6,13.7,530,25.6,1345,,,,,,,8.6,320,1223,5.1,200,1326,2.5,2158,12.8,40,1412,67.1,14.9,1006.1,1017.8,28,1014.1,1640,1016.1,13.9,10.3,1200,3.69,25.6,,,,,,5.3,2.9,25.6,5.7,20.4,19.2,18.4,17.9,17.6,15,14.3,11.9,13.2,4.8,6.8,.5,
108,2022-05-07,18.4,15.3,754,23.1,1319,3.92,.2,,.2,,.5,10.7,270,1436,5.9,290,1219,3,2633,6.3,18,1557,52.4,10.5,1006.6,1018.7,2327,1015.3,1544,1016.7,13.9,6.8,1200,3.57,22.57,,,,,,8.6,3.5,23.2,8.6,20.7,19.8,19.1,18.6,18.2,15.2,14.4,12,13.2,6,8.6,,
108,2022-05-08,15.3,11.7,2344,18.2,1230,5.58,.4,2113,1.1,2110,2,10.6,50,1915,5.2,50,1918,2.8,2461,4.6,35,1,51.8,8.6,1008.7,1020.9,731,1017.1,1642,1018.9,14,0,1200,1,6.2,,,,,,9.1,4.3,16.2,10,17.9,18,18.2,18.3,18.4,15.5,14.6,12.1,13.2,2.3,3.3,2,
108,2022-05-09,17.9,11,613,25.3,1620,,,,,,,7.3,110,1344,4.5,110,1252,2.2,1900,8.2,30,1628,56.4,10.8,1007.8,1020.1,736,1015.3,1647,1017.9,14,12.8,1200,3.77,29.25,,,,,,3.1,1.3,23.6,7.3,19.1,18.1,17.5,17.4,17.7,15.7,14.7,12.1,13.2,5.7,8.1,,
108,2022-05-10,19.9,13.6,547,26.3,1529,1.33,0,,0,,0,9.2,160,1342,4.6,160,1338,2.2,1910,4.1,16,1424,39,8.3,1005.7,1018.5,742,1012.8,1728,1015.7,14,9.5,1200,3.75,27.82,,,,,,7.3,2.3,26.7,5.8,20.5,19.4,18.6,18.2,18.1,15.8,14.9,12.2,13.2,7.1,10.1,0,
108,2022-05-11,19.7,16.6,2353,25.2,1508,.92,0,,0,,0,7.8,290,1531,4.4,230,1609,2.4,2093,8.7,35,1331,50.4,11.3,1004.7,1015.8,917,1013,1607,1014.6,14.1,9.8,1100,3.31,25.73,,,,,,6.9,2.6,28.2,12.6,21.9,20.6,19.6,19.1,18.6,15.9,15,12.2,13.2,5,7.2,,
108,2022-05-12,20.9,14.1,607,28.1,1540,,,,,,,7.3,270,1653,4.8,250,1657,1.9,1621,9.8,32,1432,51.5,12.1,1000.7,1014.7,1,1007.6,1725,1010.6,14.1,11.4,1200,3.47,27.45,,,,,,3.9,.8,28.5,7.8,22.3,21,20.1,19.5,19.1,16.1,15.1,12.3,13.2,5.8,8.3,,
108,2022-05-13,19.4,15,2358,25.2,1355,,,,,,,11.7,320,1749,6.1,290,1753,2.2,1923,6.9,28,1509,45.8,10,997.5,1009.3,2333,1004.6,1529,1007.4,14.1,4.8,1000,2.71,19.95,,,,,,5.9,4.5,24.2,7.1,21.8,20.9,20.4,19.9,19.6,16.4,15.3,12.3,13.2,4.8,6.8,,
108,2022-05-14,15.7,11.9,545,20,1342,,,,,,,11.9,230,1650,6.3,270,1143,3.3,2855,3.5,29,1103,45.5,7.9,1001.8,1015.6,2325,1009.1,154,1011.9,14.2,10.8,1300,2.61,22.58,,,,,,4.4,0,22,3.6,19.5,19.2,19.3,19.3,19.5,16.6,15.4,12.4,13.2,5.2,7.5,,
108,2022-05-15,16.2,10.5,516,22.4,1509,,,,,,,10.8,270,1511,6.4,270,1531,3.2,2735,1.8,24,1708,39.8,7,1003.6,1016.1,837,1011.2,1740,1013.7,14.2,12.9,1200,3.68,30.01,,,,,,2,.5,24.7,1.4,19.9,19,18.8,18.7,19.1,16.8,15.6,12.5,13.2,6.6,9.4,,
108,2022-05-16,17.3,10.9,537,23.7,1352,,,,,,,10.8,250,1645,5.9,230,1650,2.8,2445,8,36,1409,56.3,10.8,1001,1013.7,21,1008.3,1550,1011.1,14.2,13.1,1200,3.53,28.89,,,,,,.5,.5,25.5,1.9,20.7,19.6,19.2,19,19.2,16.9,15.7,12.5,13.2,5.8,8.2,,
108,2022-05-17,20,13,551,27.4,1527,,,,,,,9.4,200,1429,5.1,180,1459,2.4,2085,11.3,36,1453,60.1,13.4,1002.6,1014.7,2337,1010.8,1500,1012.5,14.2,12.8,1200,3.41,27.56,,,,,,.3,.3,27.5,7.1,22.2,20.8,20,19.5,19.5,17,15.9,12.6,13.2,5.5,7.8,0,
108,2022-05-18,20,15.7,442,25.4,1404,2.33,.6,911,1.5,853,1.5,11,230,1824,6,200,1723,2.9,2511,11.4,39,1338,59.4,13.5,1005.5,1018,902,1012.9,1751,1015.4,14.3,6.4,1300,2.96,15.71,,,,,,4.3,2.9,19.6,8.3,20.9,20.5,20.1,19.9,20,17.1,16,12.7,13.2,4.2,6.1,1.5,
108,2022-05-19,19.9,16.1,614,24.2,1406,,,,,,,10.6,180,1611,5.4,180,1346,3,2615,9.9,43,1036,53.6,12.3,1006,1016.7,2306,1014.6,1811,1016,14.3,7.8,1000,2.56,20.97,,,,,,4.9,.9,24.5,10.5,21.1,20.4,19.9,19.6,19.7,17.3,16.1,12.7,13.2,4.6,6.5,,
108,2022-05-20,20.6,15.6,543,25.8,1322,,,,,,,8.4,270,1359,5.1,270,1334,2.3,2005,10.1,28,1554,52.8,12.4,1003.2,1016.3,1,1010.5,1745,1013.1,14.3,10.8,1200,3.29,25.74,,,,,,5,2.1,26.6,7.8,22.1,21,20.2,19.8,19.8,17.4,16.3,12.8,13.2,5.1,7.3,,
108,2022-05-21,20.1,16.1,2349,26,1420,,,,,,,9.3,290,1608,5.1,270,1433,2.5,2125,14.2,48,1559,70.8,16.2,999.1,1011.9,1,1006.5,1756,1009,14.3,9.3,1200,3.47,24.88,,,,,,3.6,3.6,27.1,10.6,23.1,22,21,20.4,20.2,17.5,16.4,12.9,13.2,4.6,6.5,,
108,2022-05-22,20.3,15.7,315,25.8,1450,,,,,,,8.2,200,1246,4.6,180,1229,2.5,2134,14.5,52,1431,70.9,16.5,997.6,1009.3,2354,1005.6,1550,1007.5,14.4,9,1200,3.45,24.3,,,,,,3.8,3.8,27.6,13.9,23.5,22.4,21.6,20.9,20.7,17.7,16.5,12.9,13.3,4.6,6.5,,
108,2022-05-23,23,17.8,108,30.7,1513,,,,,,,7.2,200,1931,4.3,250,1656,2.3,2021,15.1,39,1516,63.5,17.2,1001.7,1014.6,2259,1009.3,1,1011.5,14.4,10.4,1200,3.38,26.01,,,,,,3,2.1,30.2,13.7,24.7,23.4,22.3,21.5,21.1,17.9,16.6,13,13.3,5.8,8.2,,
108,2022-05-24,22.9,16.7,528,30.2,1450,,,,,,,7.5,250,1453,4.6,250,1727,2.1,1789,12.9,29,1505,56.8,14.9,1003.7,1016.2,813,1011.3,1628,1013.5,14.4,12.3,1200,3.59,28.86,,,,,,3.4,0,30.8,9.9,24.9,23.8,22.8,22,21.6,18.1,16.8,13.1,13.3,6.1,8.8,,
108,2022-05-25,21,16.7,2400,26.7,1211,4.92,1.4,2112,2.9,2100,3.5,9.6,290,1500,5,270,1509,2.6,2240,13.9,36,1539,66.6,15.9,998.4,1012.4,3,1005.1,2018,1008.3,14.5,8.1,1100,2.99,22.59,,,,,,6.5,2.4,28.7,10.4,24,23.3,22.7,22.2,22,18.4,16.9,13.1,13.3,4.5,6.4,3.5,
108,2022-05-26,18.7,14.1,540,23.5,1513,.75,0,,0,,0,13,200,1720,7.6,200,1541,3.7,3206,9.7,29,1642,59.9,12.3,993.9,1006.4,816,1001,2355,1003.8,14.5,11.6,1200,3.73,28.88,,,,,,4.5,4.1,24.7,10.4,22.9,22.4,22.1,21.9,22,18.7,17.1,13.2,13.3,6.4,9.1,0,
108,2022-05-27,20,16,601,25.6,1552,.17,0,,0,,0,10,290,1224,6.3,270,1233,3.3,2890,12.2,47,1212,62.5,14.3,991.1,1004.2,2338,999.1,348,1000.9,14.5,11.8,1200,3.45,28.71,,,,,,2.4,2.4,29.1,13.5,23.2,22.4,22,21.7,21.7,18.8,17.3,13.3,13.3,5.7,8.1,,
108,2022-05-28,22.3,15,439,29.3,1426,,,,,,,12.4,200,1542,6.8,230,1550,2.8,2380,11.7,29,1821,54.1,13.8,995.1,1007,2352,1003.1,306,1004.8,14.5,12.4,1200,3.41,27.49,,,,,,2.1,.8,27.2,7.3,24,23,22.3,21.8,21.8,19,17.4,13.3,13.3,6.2,8.9,,
108,2022-05-29,23.1,19.3,446,29.7,1648,,,,,,,9.2,200,31,5,270,1832,2.3,2011,16.1,39,1600,66.4,18.3,995,1007.2,723,1002,1639,1004.7,14.5,7,1100,3.58,21.5,,,,,,6,5.5,27,16.7,24.8,23.8,23,22.3,22.1,19.1,17.6,13.4,13.3,4.5,6.4,0,
108,2022-05-30,20.8,17.2,2335,24.7,1237,1.08,0,,0,,0,9.8,270,1557,4.8,250,1456,2.5,2129,15.2,55,2145,71,17.4,992.5,1005.4,2357,1000.2,1507,1002.3,14.5,.2,1100,1.77,9.8,,,,,,7.9,6.1,23.4,10.6,23.6,23.2,22.9,22.6,22.4,19.2,17.7,13.5,13.3,2.7,3.9,0,
108,2022-05-31,20.7,14.2,525,27.2,1428,,,,,,,11.8,230,1611,6.6,230,1611,2.5,2165,6.4,19,1512,42.4,9.8,997.5,1008.9,959,1005.4,1,1007.4,14.6,12,1200,3.62,27.48,,,,,,1.4,.4,28.1,6.5,23.2,22.4,21.9,21.8,22,19.4,17.9,13.5,13.4,6.8,9.7,,
108,2022-06-01,22.1,16.2,547,28.6,1415,,,,,,,10.3,290,1306,5.5,270,1309,2.6,2255,7.3,18,1418,41.6,10.4,995.8,1009.3,333,1003,1752,1005.6,14.6,13.5,1200,3.72,30.79,,,,,,.6,0,29.4,9.5,24.2,23.2,22.5,22,22,19.5,18,13.6,13.4,7.6,10.9,,
108,2022-06-02,21.5,17.1,150,26.9,1324,,,,,,,7.6,200,1355,4.5,270,1443,2.7,2302,14.8,46,1351,67.4,16.9,997.3,1008.8,2349,1005.3,38,1007.2,14.6,10.4,1300,3.43,27.13,,,,,,3.9,1.9,30.6,9.1,24.8,23.9,23.1,22.6,22.4,19.5,18.1,13.7,13.4,5.4,7.7,,
108,2022-06-03,24.5,18.7,23,32.6,1506,,,,,,,7.9,270,1627,4.6,250,1521,2,1751,16.3,34,1348,62.8,18.5,999.4,1011.1,2358,1007.3,1428,1009.2,14.6,10.6,1200,3.46,27.2,,,,,,4.1,2.4,33.7,16.3,26.4,25.1,24,23.1,22.8,19.7,18.2,13.8,13.4,5.8,8.3,,
108,2022-06-04,25.6,20.3,546,29.7,1724,,,,,,,5,180,1040,2.8,180,1208,1.7,1460,16,44,1752,57,18.3,999.4,1012,408,1005.7,2356,1009.1,14.6,6.2,1000,2.7,18.22,,,,,,7,2.3,30.4,16.7,26.2,25.3,24.5,23.7,23.5,19.9,18.4,13.8,13.4,4,5.7,0,
108,2022-06-05,22.7,20.2,2132,27,1142,1.58,0,,0,,0,9.5,110,1340,4.3,110,1346,2.3,2007,14.3,43,1115,59.8,16.3,992.9,1006.1,5,999.9,2358,1002.6,14.7,.1,1000,1.84,8.16,,,,,,9.1,4.3,23.8,18,24.2,24.1,24,23.6,23.6,20.1,18.5,13.9,13.4,2.4,3.5,3.5,
108,2022-06-06,19.7,16.7,2323,24.5,1517,8,1.2,233,1.7,638,4.3,11.4,20,1459,5.7,50,1342,3.2,2800,13.4,47,1632,69,15.5,991.8,1006.4,2341,998.9,356,1001.6,14.7,5.5,1300,3.52,21.01,,,,,,6.9,5.4,23.4,14.8,23.3,23,22.8,22.8,23,20.3,18.7,14,13.5,4.8,6.9,.8,
108,2022-06-07,20.6,15.1,550,25.1,1236,.67,0,,0,,0,10,70,32,5.2,50,58,2.7,2371,10.8,39,1305,54.5,12.9,997.3,1009.8,2400,1005.8,245,1007.2,14.7,6.2,1100,3.34,17.34,,,,,,6.4,5.6,24.8,13.1,22.5,22.3,22.2,22.2,22.6,20.3,18.8,14.1,13.5,4.1,5.8,,
108,2022-06-08,21.2,16.2,541,25.8,1449,,,,,,,6.7,50,427,3.9,270,1827,2.3,1986,13.3,48,1451,61.6,15.4,1001.1,1012.7,2224,1009.2,1539,1011,14.7,5.1,900,2.6,16.97,,,,,,6.4,5.9,28.5,14,22.9,22.5,22.1,22.1,22.3,20.3,18.9,14.1,13.5,3.1,4.4,.1,
108,2022-06-09,20.9,18.5,517,24.5,1620,4.33,1.3,1259,2.5,1245,2.6,6.7,290,1625,3.5,290,1633,1.6,1356,16.4,56,1739,76.1,18.6,1003,1014.1,1001,1011.5,1803,1012.8,14.7,2.6,1400,1.81,10.66,,,,,,5.5,3.3,22.4,13.9,22.2,22,21.9,22,22.3,20.3,19,14.2,13.5,2.4,3.4,2.5,
108,2022-06-10,20.9,17.2,534,26.6,1128,2.67,.7,1410,1.2,1338,1.2,8.2,290,1325,4.8,290,1332,1.9,1683,16.2,50,1138,75.8,18.4,1003.8,1014.7,2155,1012.6,1522,1013.7,14.7,4.8,1100,2.52,15.38,,,,,,5.6,2.4,22.3,12.4,21.9,21.7,21.6,21.6,21.9,20.2,19.1,14.3,13.5,3,4.3,1.2,
108,2022-06-11,24.6,17.7,527,32.7,1629,,,,,,,8.1,70,1311,4.7,20,1822,2.2,1872,15.5,33,1333,59.6,17.6,1002.1,1014.1,36,1008.6,1652,1011.9,14.7,10.7,1200,3.53,26.54,,,,,,3.4,1.9,27.8,13.4,24.3,23.2,22.2,21.7,21.8,20.2,19.1,14.3,13.6,6.3,8.9,,
108,2022-06-12,24.6,18.9,525,31.5,1520,,,,,,,6.8,50,802,3.8,250,1653,2.5,2130,15.5,36,1524,58.9,17.7,1001.9,1013.8,648,1009.3,1609,1011.6,14.7,9.3,1200,3.19,24.52,,,,,,5.8,1.8,32.4,15.3,25.5,24.6,23.6,22.8,22.5,20.1,19.1,14.4,13.6,4.9,7.1,18,
108,2022-06-13,23.6,19.6,513,29.2,1234,3.83,6.7,323,15.9,243,18,8.6,70,2150,4.4,360,1552,2.6,2247,17.1,51,1252,68.5,19.7,999,1011.2,1,1006,1420,1008.8,14.7,7.7,1100,3.11,20.66,,,,,,7.5,5.3,25,17.9,25.1,24.7,24,23.4,23,20.2,19.2,14.5,13.6,4.9,7,0,
108,2022-06-14,21.5,17.7,2357,27.1,1245,1.67,0,,0,,0,12.2,70,855,6,50,1851,4.2,3614,12.2,42,1154,56.4,14.2,998.4,1009.8,1,1007.2,1436,1008.2,14.8,5.7,1100,3.5,18.58,,,,,,7.8,3.9,23.1,14.6,23.3,23.2,23.1,23,23,20.4,19.2,14.6,13.6,4.2,6,10.5,
108,2022-06-15,17.5,14.9,603,20.1,1921,17.58,1.6,203,5.8,144,18.5,7.4,50,1,3.7,70,621,2.3,2026,16.2,71,1,92.4,18.5,996,1007.6,1,1004.6,1742,1006,14.8,0,1500,.77,5.62,,,,,,9.8,7.6,18.7,14.2,20.7,20.8,21.3,21.9,22.6,20.5,19.3,14.6,13.7,1,1.4,8.7,
108,2022-06-16,20.3,17.6,619,24.8,1737,4.33,.3,47,.3,35,.7,6.9,180,1405,4.4,200,1404,2.3,1964,16.1,53,1720,78.4,18.3,997.7,1008.7,2323,1005.5,4,1007.6,14.8,3.8,1600,1.63,13,,,,,,5.6,4.3,21.1,13.8,21.6,21.3,21.1,21.2,21.7,20.5,19.4,14.7,13.7,2.6,3.7,,
108,2022-06-17,22.5,16.5,533,28.1,1413,,,,,,,6.6,180,1505,3.7,180,1606,1.9,1630,17.9,56,1416,76.4,20.6,997.9,1009.6,934,1005.6,1706,1007.7,14.8,3.2,1300,3.41,17.86,,,,,,5.8,5.6,23.5,11.6,22.9,22.4,21.7,21.5,21.6,20.3,19.4,14.8,13.7,3.5,4.9,,
108,2022-06-18,23.3,22,538,25.1,1722,.25,0,,0,,0,6,290,1908,4,290,1914,1.7,1457,19.5,72,1053,79.6,22.7,997.5,1008.9,2242,1006,1714,1007.3,14.8,0,1000,.69,6.07,,,,,,7.6,7.4,23.1,18.6,23.4,23.1,22.7,22.4,22.2,20.2,19.4,14.8,13.7,1.4,2,0,
108,2022-06-19,23.4,22.3,303,25.1,1719,,,,,,,4.7,200,1432,3,180,1435,1.4,1242,20,74,1714,81.6,23.4,997.6,1008.7,17,1006,1727,1007.4,14.8,0,1600,.65,5.06,,,,,,8.6,8.6,23.3,19,23.3,22.9,22.5,22.4,22.3,20.3,19.4,14.9,13.7,1.3,1.8,,
108,2022-06-20,25.2,22,543,29,1611,,,,,,,4.4,250,1337,2.8,270,1910,1.3,1136,20.5,58,1747,76.6,24.2,994.8,1006.6,1,1002.4,1726,1004.4,14.8,1.8,1300,2.26,12.59,,,,,,6,6,26.4,18.5,24.3,23.8,23,22.6,22.3,20.3,19.5,14.9,13.8,2.8,4,,
108,2022-06-21,26.5,21.2,553,32.6,1539,,,,,,,7.2,270,1544,4,270,1647,2,1733,20.8,48,1415,72.6,24.5,993.9,1005.5,2349,1001.6,1439,1003.5,14.8,12.6,1200,3.56,28.94,,,,,,3.1,.4,32.3,16.3,26.1,25.4,24.3,23.4,22.7,20.4,19.5,15,13.8,5.6,8,,
108,2022-06-22,25.9,21.9,344,31,1542,,,,,,,6.6,250,1633,4.2,290,1655,2.1,1818,19.9,44,1600,71.1,23.3,997.1,1008.5,822,1005.4,1,1006.7,14.8,7.4,1100,3.05,22.39,,,,,,6.1,3.1,31.5,19.1,26.8,26.3,25.4,24.6,23.7,20.5,19.5,15.1,13.8,4.5,6.4,.8,
108,2022-06-23,24.3,23.3,2216,26.4,1130,13.5,8.9,1839,34.4,1754,103,13.1,180,2318,6.4,200,2006,2.8,2385,22.2,74,2,89.1,26.9,989.5,1005.9,1,993.8,2400,999.2,14.8,0,1000,.74,3.41,,,,,,8.9,6.5,23.3,17.8,25,24.9,24.8,24.7,24.3,20.8,19.6,15.1,13.8,.8,1.1,121.3,
108,2022-06-24,22.6,20.6,617,24.9,1805,6.83,5.5,2,14.4,1,19.1,9.8,200,204,5.4,230,210,3.5,2996,21,76,1851,90.9,24.9,988.1,1001.6,2248,992.8,209,997.7,14.8,1.7,1000,1.44,8.5,,,,,,8.4,8.4,23.6,20.1,24.2,24,23.7,23.8,24.1,22,20.4,15.2,13.9,1.9,2.7,0,
108,2022-06-25,26,21.5,221,30.5,1512,,,,,,,8.9,200,1756,5.1,230,1920,2.8,2406,22.2,69,1445,80.4,26.8,994.1,1007,2246,1000.9,127,1003.7,14.8,3,1300,2.77,17.55,,,,,,7.5,7.1,26.7,18.9,25.7,25.1,24.3,23.9,23.8,21.9,20.8,15.5,13.9,3.5,4.9,,
108,2022-06-26,26.5,24.8,234,28.1,1500,,,,,,,8.5,230,1451,5,180,1215,2.6,2254,23.1,79,1453,82.1,28.3,998.2,1010.8,2227,1005.4,212,1007.8,14.8,0,1200,.78,3,,,,,,10,7.8,24.8,23,25.6,25.3,24.8,24.6,24.3,21.8,20.7,15.6,13.9,1.3,1.8,1.2,
108,2022-06-27,26.8,25.4,454,28.1,1107,14.25,1.2,1331,1.6,1145,6.1,13.7,200,1716,6,200,1703,2.8,2406,23.8,76,2331,84.4,29.5,996.7,1010.1,116,1003.3,1832,1006.4,14.8,0,1200,.86,4.75,,,,,,10,7.8,26.1,23.9,25.6,25.2,24.7,24.4,24.2,21.8,20.7,15.6,13.9,2,2.9,6.1,
108,2022-06-28,26.9,25.7,2337,27.9,1001,14.08,3.1,1403,3.2,1317,6.3,20.9,180,1305,9.9,200,549,5.8,4990,23.4,74,1002,81.9,28.8,992.6,1003.9,2,1001.2,1551,1002.2,14.8,0,800,.66,3.33,,,,,,10,8.5,25.1,23.6,25.2,25,24.5,24.3,24.2,21.8,20.7,15.6,14,1.5,2.2,16.5,
108,2022-06-29,25.1,24.4,2134,26.1,1733,20.75,6.9,1212,10.6,1133,37.8,17.3,180,359,9,200,357,4.1,3500,24.3,89,1,95.5,30.4,994.5,1007.7,2353,1000.1,343,1004.2,14.7,0,1400,.64,2.94,,,,,,10,7.8,25.3,23.8,24.9,24.6,24.1,24.1,24.1,21.9,20.7,15.7,14,.7,1,114.7,
108,2022-06-30,22.3,21.2,1739,24.5,1,22.83,10.9,1019,24,953,176.2,9.4,70,1648,4.6,50,1656,2.3,1999,22.1,97,230,99.3,26.6,1000.6,1013.1,2244,1007.1,3,1010.4,14.7,0,1100,.5,2.42,,,,,,10,6.4,22.6,21,23.4,23.2,23.2,23.6,24.3,22.6,21.8,16.6,14,.8,1.1,87.9,
108,2022-07-01,26.6,21.9,1,30.9,1536,,,,,,,7.7,270,1636,4.8,230,1646,2.1,1805,23.2,61,1547,83.3,28.5,1004.4,1014.9,1055,1012.9,1,1014.1,14.7,7.2,1200,2.78,21.53,,,,,,5.6,4.1,29,20.6,25.5,24.8,23.8,23.5,23.5,23,23,20.1,14.4,4.4,6.3,,
108,2022-07-02,28.8,24,521,33.8,1601,,,,,,,5.3,290,1829,3.4,270,1808,1.7,1494,23,50,1504,72.8,28.1,1002.6,1014.7,1,1009.8,1806,1012.3,14.7,10.8,1200,3.5,25.83,,,,,,4.1,2.5,30.8,21,27.6,27,25.9,25.1,24.5,22.7,22.6,18.8,14.9,5.1,7.3,,
108,2022-07-03,29.3,24.4,612,34.2,1522,,,,,,,6.4,290,1554,3.8,270,1705,1.7,1485,22.5,47,1329,68.6,27.3,998.6,1011.1,25,1006.1,1745,1008.1,14.7,10.8,1200,3.41,26.25,,,,,,4.6,1.1,31.6,20.6,28.8,28.1,27.1,26.3,25.5,22.8,22.3,18,14.9,5.4,7.8,,
108,2022-07-04,29.3,26.4,524,32.6,1621,.83,0,,0,,0,7.8,340,1308,4.5,340,1311,1.8,1579,23.5,59,1601,71.8,29,995.3,1006.9,55,1003.1,1726,1004.9,14.7,3.6,1500,2.5,14.9,,,,,,6.9,3.8,30.8,22.9,28.6,28.1,27.4,26.8,26.2,23,22.2,17.6,14.9,3.3,4.7,0,
108,2022-07-05,29.2,26.7,459,33.1,1545,1.42,0,,0,,0,7.6,180,1435,4.2,320,1754,1.7,1474,23.9,61,1435,73.8,29.7,995.1,1006.5,2255,1003.2,1539,1004.6,14.7,2.6,1400,2.62,15.99,,,,,,7.5,4.3,31.4,24.1,28.9,28.3,27.5,26.9,26.4,23.2,22.1,17.4,14.8,3.6,5.1,0,
108,2022-07-06,29.5,26.2,502,33.3,1645,2.5,9.6,2202,15.6,2154,16.1,11.6,230,2137,5.3,250,2145,2.1,1835,24.6,61,1638,76,30.9,997,1007.9,812,1004.8,1723,1006.5,14.7,1.1,1400,2.19,14.49,,,,,,7.3,4.6,31.9,23.4,29,28.5,27.8,27.2,26.6,23.4,22.2,17.3,14.8,3,4.3,16.1,
108,2022-07-07,28.2,26.4,439,31,1608,3.67,0,,0,,0,10,180,1848,5.4,180,1902,2.8,2388,24.8,69,1142,82.3,31.3,995.4,1007.2,55,1003,1823,1004.9,14.7,.6,1500,1.46,8.29,,,,,,9.3,6.5,28.2,24.2,28.4,28.1,27.5,27.2,26.8,23.6,22.2,17.2,14.8,2.2,3.1,1.7,
108,2022-07-08,25.8,24,2357,27.9,1647,6.25,1.7,127,1.7,55,1.7,8.5,250,204,4.7,230,155,2.9,2472,22.8,70,1701,84.4,27.8,993,1003.8,814,1000.8,1751,1002.6,14.6,0,1600,.96,6.94,,,,,,9.5,7.5,26,23.4,27.5,27.3,26.9,26.7,26.7,23.7,22.3,17.2,14.7,1.6,2.3,.1,
108,2022-07-09,26.9,24,1,30.9,1416,6,.1,,.1,,.1,4.8,250,12,3.4,250,2,1.7,1426,23.4,64,1644,82.1,28.8,992.9,1004.1,2348,1001.2,1609,1002.5,14.6,1.8,1300,2.72,13.64,,,,,,7,5.9,27.9,23.2,27.9,27.4,26.7,26.4,26.4,23.8,22.4,17.2,14.7,3.1,4.4,,
108,2022-07-10,29.2,24.6,529,35.1,1547,.42,0,,0,,0,6.3,290,1659,3.9,290,1700,1.7,1432,22.2,46,1527,68,27,994.6,1006.1,803,1002.1,1713,1004.1,14.6,8.4,1400,2.99,23.08,,,,,,5.6,2.5,32,21.8,29,28.4,27.4,26.9,26.5,23.8,22.5,17.2,14.7,4.9,7,1.1,
108,2022-07-11,27,24.7,316,30.6,1226,2.5,4.9,1603,7.7,1527,9,9,270,15,5.3,270,14,1.8,1560,22,54,2,75,26.5,995.9,1008.2,2355,1004.2,419,1005.5,14.6,2.8,1200,2.08,13.85,,,,,,6.3,4.5,29,22.2,28.7,28.3,27.7,27.3,26.9,23.9,22.5,17.2,14.8,3.2,4.5,7.9,
108,2022-07-12,26.8,23.2,508,29.4,1402,,,,,,,6.4,50,655,3.6,50,744,2.2,1927,21.5,64,1350,73.1,25.7,997.5,1009.2,1017,1005.5,2244,1007.1,14.6,.8,1000,1.65,11.82,,,,,,8.1,4.4,27.2,20.4,27.6,27.3,26.8,26.8,26.8,24.1,22.6,17.2,14.8,2.4,3.4,2.2,
108,2022-07-13,25,24,1253,27.1,1,19.98,8.1,1514,30.3,1424,114.5,8.6,110,1620,3.9,140,1532,1.8,1514,23.8,76,46,93.9,29.6,992.3,1006.4,132,998.1,1609,1001.9,14.6,0,1100,.22,1.25,,,,,,10,8.5,24.6,23.3,25.9,25.9,25.8,26.2,26.6,24.1,22.7,17.3,14.8,.6,.8,113.2,
108,2022-07-14,25.7,23.3,405,29.9,1533,5.92,.2,,.5,427,.9,6.8,270,1902,4.1,270,1906,2.3,1985,22.7,63,1539,84.6,27.6,990.2,1001.3,2123,998.1,349,999.8,14.5,3.9,1300,2.66,17.21,,,,,,8.1,7.5,27.6,22,26.6,26.2,25.4,25.4,25.9,25,24.3,19.4,14.8,3.5,5,,
108,2022-07-15,26,23,440,30.3,1544,,,,,,,8,250,1746,5,250,1811,2.3,2023,21.2,55,1703,76.5,25.2,989.9,1001.4,635,997.7,1640,999.5,14.5,8.9,1200,3.14,24.49,,,,,,5.3,5.3,29.1,20.5,27.8,27.3,26.5,26.2,26.2,24.7,24.2,19.4,14.9,4.7,6.7,0,
108,2022-07-16,24.8,23.2,2354,28.2,1323,4.08,14.1,1705,33.8,1630,34,10.5,160,1719,5.3,160,1720,2,1731,21.7,66,1156,83.4,26,988.5,1000,2154,997.1,539,998.1,14.5,1.5,1100,1.76,10.77,,,,,,8.3,7.4,26.1,21,27,26.7,26.4,26.5,26.6,24.6,24,18.9,15,2.1,3,34,
108,2022-07-17,25.5,22.5,406,29.7,1518,1.5,0,,0,,0,8.4,290,1637,4.4,270,1646,1.8,1540,21.3,63,1456,78.9,25.3,990.6,1001.7,2233,998.8,1733,1000.2,14.5,3.6,1400,2.83,16.82,,,,,,7.3,4.9,28,19.6,26.9,26.5,25.9,25.9,26.3,24.7,24.1,18.8,15.1,3.4,4.9,0,
108,2022-07-18,26.8,23.1,530,30.1,1258,,,,,,,7.3,140,1315,3.9,110,1230,2.2,1878,22,58,1352,76,26.4,989.4,1001.6,1,996.8,1743,999,14.5,5.2,1100,3.29,21.01,,,,,,5.4,4.1,28.2,20.4,27.8,27.4,26.6,26.3,26.4,24.7,24.1,19,15.1,4.3,6.1,,
108,2022-07-19,27.4,24.3,532,31.1,1549,,,,,,,8.2,270,1318,4.8,270,1403,2.3,1967,22.1,56,1213,74.1,26.6,992.3,1005.4,2322,999.1,121,1001.9,14.4,8.4,1100,3.26,23.44,,,,,,6.3,2.4,30.7,22.1,28.5,28,27.2,26.8,26.7,24.7,24,18.8,15.1,4.8,6.8,,
108,2022-07-20,27.1,24.3,2400,30.4,1435,3.83,.6,2322,.8,2238,1.1,7.2,290,1339,4.5,290,1416,2.2,1881,22.3,57,1409,76.1,27,996.1,1007,724,1004.3,2337,1005.7,14.4,3.1,1400,2.61,17.68,,,,,,9,4.8,30.4,22.3,28.7,28.2,27.4,27.1,27,24.7,23.9,18.7,15.2,3.4,4.9,11.3,
108,2022-07-21,23.2,20.8,622,25.2,1840,10.83,1.7,522,3.4,522,10.4,9.7,20,424,5.5,50,426,2.9,2473,20.9,77,2301,87.6,24.7,992.3,1004.6,24,999.9,906,1002,14.4,.5,1400,1.12,6.6,,,,,,8.9,7.3,25,20.2,26.3,26.3,26.3,26.6,27,24.8,23.9,18.6,15.2,,,,
108,2022-07-22,25.1,22.9,507,27.5,1718,1.75,4,1300,5.2,1235,5.2,5.5,290,1913,3.4,250,1632,1.9,1675,21.6,68,1149,81.5,25.7,995.7,1006.7,2254,1004.6,1,1005.4,14.4,2.5,1100,2.13,13.54,,,,,,7.5,6.4,26.1,21.2,26.6,26.2,25.7,25.9,26.4,24.8,23.9,18.5,15.2,2.6,3.7,5.2,
108,2022-07-23,24.8,22.3,2320,28,1344,8.58,1.8,1937,4.2,2154,9.9,6.6,140,1308,3.9,50,2216,2,1741,21.7,67,1425,83.6,26,994.7,1006.5,752,1001.8,2347,1004.4,14.4,.1,1300,1.68,9.09,,,,,,9.4,6.3,26.6,21.2,26.7,26.4,25.8,25.9,26.3,24.7,23.9,18.5,15.3,1.9,2.7,11.1,
108,2022-07-24,25,22,118,28.4,1627,3.67,.6,1,1.6,-2343,1.2,6.5,70,9,3.7,320,1750,2.1,1805,22.5,72,1414,86.9,27.3,992.6,1005.5,2358,1000.3,427,1002.3,14.3,.4,1300,1.39,8.82,,,,,,9.5,5.9,25.6,21.7,26.4,26,25.5,25.6,26.2,24.7,23.9,18.5,15.3,1.8,2.6,0,
108,2022-07-25,27.5,23.6,546,32,1616,,,,,,,6.5,270,1335,3.6,270,1643,1.9,1631,22.3,52,1536,75,27,998.7,1009.8,2356,1005.5,1,1008.3,14.3,9.6,1300,3.54,25.49,,,,,,3.8,3.5,29.7,21.1,28,27.4,26.3,26,26.2,24.6,23.9,18.5,15.3,5.3,7.6,,
108,2022-07-26,28.9,24.4,530,33.1,1428,,,,,,,6,320,1604,3.8,320,1610,1.8,1582,23.2,53,1331,72.5,28.5,999.3,1010.6,822,1007.5,1733,1008.9,14.3,9,1200,3.19,22.31,,,,,,5,2.5,30.3,21,28.7,28.3,27.2,26.8,26.7,24.6,23.8,18.5,15.4,4.4,6.2,,
108,2022-07-27,29.3,26.4,547,33.4,1509,,,,,,,7.7,160,1809,4.4,160,1610,2,1758,22.1,50,1529,66.3,26.7,999.6,1010.1,1043,1007.8,1742,1009.1,14.2,6,1500,2.41,19.72,,,,,,5.3,.8,31,23.5,29.2,28.7,27.8,27.3,27.1,24.7,23.9,18.6,15.4,4.9,6.9,,
108,2022-07-28,29.7,25.1,545,34.4,1509,,,,,,,7.6,110,1036,3.8,140,1014,2.4,2033,21.9,48,1410,63.8,26.3,1000.8,1011.6,2343,1008.8,1745,1010.3,14.2,9.9,1200,3.44,25.2,,,,,,3.5,3.3,33.3,22.8,29.7,29.1,28.2,27.7,27.4,24.9,23.9,18.6,15.4,5.6,8,,
108,2022-07-29,30.7,27.3,511,34.3,1419,,,,,,,6.5,320,1844,4.4,320,1847,2.2,1863,23.9,52,1446,68.1,29.8,1001.8,1012.8,950,1009.7,1811,1011.4,14.2,7.6,1100,2.93,20.28,,,,,,5,3.9,32.9,24.5,30.4,29.9,28.9,28.3,27.9,25,23.9,18.6,15.5,4.7,6.7,,
108,2022-07-30,30.9,27.3,532,36.1,1440,2.33,1,1452,1,1445,1,10.3,140,1656,5.6,160,1641,2.6,2284,24.2,50,1213,68.4,30.2,999.3,1011.4,1,1006.7,1606,1008.8,14.2,9.4,1100,3.3,23.53,,,,,,4.5,3.4,32.4,24.9,30.7,30.2,29.1,28.6,28.3,25.2,24,18.7,15.5,5.3,7.5,1,
108,2022-07-31,27.2,25.4,2327,29,1,15.75,8.1,2146,18,2141,47.2,7.6,70,1007,3.9,50,1636,2.5,2197,24.5,75,1,85.8,30.7,996.4,1008.1,7,1004.9,1609,1006,14.1,0,1000,.68,4.93,,,,,,9.8,7,27.6,24.9,28.9,28.8,28.4,28.4,28.6,25.4,24.1,18.7,15.6,1.1,1.6,77.1,
108,2022-08-01,28.6,25.4,4,32.4,1420,14.83,5.1,537,13.3,517,30,9.3,110,2309,4.6,70,1729,2.4,2086,25,67,1418,82.4,31.8,995.6,1006.8,1101,1003.9,1806,1005.2,14.1,3.2,1200,3.03,15.09,,,,,,8.9,6,28.9,24.8,28.5,28.1,27.3,27.4,28,25.9,24.4,18.8,15.6,3.3,4.8,15.8,
108,2022-08-02,26.8,25.5,2257,28.5,1,18.58,3.3,1734,7.6,212,33.5,10.1,200,2131,4.9,200,1216,2.8,2414,24.9,78,2,90,31.6,998.4,1009.6,2335,1005.3,118,1008,14.1,0,1100,.61,4.37,,,,,,9.9,7.1,27.2,25,28.2,28,27.5,27.6,28.1,26.1,25.1,19.8,15.6,1.1,1.5,67.6,
108,2022-08-03,27.1,25.2,457,30,1600,13.25,6.6,448,17.9,416,51.1,10.8,230,453,4.6,230,459,2.8,2388,25.2,76,1606,90.1,32.1,1000.1,1011.1,1027,1008.7,1759,1009.8,14,1.3,1500,1.71,8.74,,,,,,9.3,8,27.4,24.7,27.6,27.2,26.7,26.9,27.7,26.4,25.8,20.7,15.7,2.1,3,1.3,
108,2022-08-04,28.9,26,549,32.9,1532,.42,0,,0,,0,7.5,250,1808,4,270,154,2.5,2120,24.8,64,1306,79.3,31.2,999.5,1011.4,811,1007.3,1829,1009.1,14,8.7,1100,3.14,22.24,,,,,,4.4,4.4,31.6,24.7,29.4,28.9,27.8,27.5,27.7,26.4,26.1,22,15.9,4.3,6.1,0,
108,2022-08-05,29.4,27,111,32.7,1430,.5,0,,0,,0,9.2,270,1326,5.2,270,1328,2.6,2269,24.7,61,1440,76.6,31.1,996.2,1007.8,3,1003.3,1545,1005.7,14,6.3,1300,3.03,19.58,,,,,,5.9,5.8,32.6,25.4,30.1,29.6,28.6,28.2,28.3,26.3,25.8,21.2,16.2,4.3,6.1,0,
108,2022-08-06,28.7,27.4,454,30.3,1718,1.67,9.5,1110,11.4,1050,13.6,5.2,270,1117,3.3,270,1118,1.7,1443,25.9,77,1036,85.3,33.5,996.1,1006.6,2356,1004.1,1725,1005.7,13.9,.4,1000,1.23,7.48,,,,,,7.5,6.4,29.7,25.5,29.6,29.2,28.6,28.5,28.6,26.3,25.6,20.7,16.3,1.5,2.2,14.5,
108,2022-08-07,28.9,27.2,354,31.7,1421,3.33,.9,846,.9,835,.9,9.8,180,1551,5.6,180,1803,2.4,2096,25.4,70,1543,82.1,32.4,996.2,1006.9,533,1004.4,1755,1005.7,13.9,.6,1200,2.05,9.26,,,,,,8.4,5.5,28.6,25.3,29.5,29,28.2,28.2,28.5,26.4,25.6,20.4,16.3,2.3,3.3,2.8,
108,2022-08-08,26.8,,,28.4,1,20.92,14.9,1747,38.1,1734,129.6,24.9,180,1754,8.6,200,1802,3.3,2815,25.2,83,500,91.6,32.1,995.9,1006.6,2159,1003.8,1730,1005.5,13.9,,,,,,,,,,10,7.4,26.4,,27.4,27.3,27.2,27.6,28.4,26.4,25.5,20.2,16.3,.6,.8,133.4,
108,2022-08-09,25.1,22,2354,26.5,1538,21.5,17.7,1746,27.1,1943,123.1,12.3,180,1735,5.7,180,1725,2.6,2209,24.4,94,915,96,30.6,995.7,1007,1001,1003.2,1734,1005.4,13.8,0,900,.37,2.42,,,,,,10,7,26,21.4,26.2,26,25.7,26.2,27.4,27.1,27,23.8,16.3,.7,1,122.3,
108,2022-08-10,24.7,21.4,455,28.8,1503,6.5,2.2,-2356,10,-2340,7.6,6.3,180,1601,4.5,180,1609,1.6,1405,21.8,66,1445,85.3,26.2,996,1007,1010,1005,1454,1005.7,13.8,3.1,1100,2.71,16.23,,,,,,9.1,6.3,27.3,21,26.4,25.9,25.3,25.6,26.5,26.9,27.5,25.2,17.2,2.8,4,40.6,
108,2022-08-11,25,23.4,528,27.5,1502,10.67,6.9,412,25.6,351,38.8,4.9,180,1353,3.1,200,1417,1.6,1351,22.8,75,1559,87.9,27.7,994.2,1005.7,1,1003,1457,1003.8,13.8,.8,1400,2.69,8.81,,,,,,9,7.4,27.6,22.8,26.6,26.2,25.7,26,26.8,26.5,27.1,23.8,17.8,2,2.8,0,
108,2022-08-12,27,23,614,32.4,1557,,,,,,,6.1,250,1902,3.7,250,1927,1.7,1478,21.5,44,1604,73.8,25.7,996.2,1007.2,1127,1004.1,1753,1005.8,13.7,10.6,1200,3.4,24.86,,,,,,4.5,3.1,28.7,20.6,27.9,27.4,26.4,26.3,26.8,26.4,26.9,23.7,17.9,4.9,7,,
108,2022-08-13,25.8,24.7,1305,27.5,1743,4.67,.7,1220,2,1218,4,5.6,110,1705,2.7,180,706,1.3,1121,22.5,71,1053,82.8,27.4,995.6,1006.9,1102,1003.3,1729,1005.3,13.7,.8,1600,1.28,5.06,,,,,,8.9,7.9,25.8,21.8,27.1,26.9,26.5,26.8,27.4,26.3,26.6,22.9,17.8,1.1,1.6,4,
108,2022-08-14,27.6,24.5,553,31.5,1414,1.5,2.9,1728,3,1725,3,6.3,200,2102,4,180,1938,1.9,1684,24.3,66,1418,83,30.4,995.5,1006.3,933,1004,1735,1005.1,13.7,2.2,1000,2.51,13.95,,,,,,7.8,6,28.1,22.6,28.1,27.6,26.7,26.6,27.2,26.3,26.4,22.4,17.6,3,4.2,3,
108,2022-08-15,28.1,26.6,2357,29.8,1233,4.42,.6,1847,.7,1801,.9,16.1,180,1217,7.4,200,1252,4.8,4189,24.9,74,1223,83,31.5,990.6,1004.6,9,996.7,1821,1000.1,13.6,0,1200,1.16,6.28,,,,,,9.5,8.3,27.3,25.2,28,27.7,27.1,27.1,27.6,26.3,26.3,22,17.5,2.2,3.2,.9,
108,2022-08-16,26.7,24.1,652,30,1531,.75,0,,0,,0,8.4,320,1451,4.3,250,111,2.6,2242,21.8,58,1657,75.4,26.1,993.5,1005.6,2330,999.4,143,1003.1,13.6,9.2,1200,3.14,23.34,,,,,,4.8,3.3,29,21.2,28.3,27.9,27.1,27,27.5,26.3,26.2,21.9,17.4,4.6,6.6,,
108,2022-08-17,26,22.8,618,30.5,1338,.75,0,,0,,0,7,250,1640,4.4,290,1617,2,1749,21.4,62,1312,76.6,25.4,996,1007.1,2353,1003.7,1611,1005.7,13.6,6,1200,2.82,17.1,,,,,,4,3,26.6,19.8,27.9,27.6,27,27.1,27.7,26.3,26.1,21.7,17.4,3.5,4.9,0,
108,2022-08-18,25.6,22.4,556,29.8,1408,,,,,,,7.1,250,1553,4.1,270,1538,1.9,1653,20.8,57,1417,75.8,24.6,997.4,1008.1,728,1006.4,1356,1007,13.5,2.6,1300,2.54,12.57,,,,,,6.4,5.9,26.6,19.6,27.4,27.1,26.6,26.8,27.6,26.3,26,21.6,17.4,2.7,3.8,,
108,2022-08-19,26,23.3,355,27.5,1527,10.33,14.2,1632,47.1,1543,66.1,9.6,180,1752,5.4,200,1759,2.3,2010,23.4,70,1010,86.1,28.9,992.5,1006.6,1,998.8,1643,1002.1,13.5,0,900,1.38,5.56,,,,,,9.6,6.5,25.9,19.8,26.5,26.3,26,26.4,27.3,26.3,26,21.6,17.4,1.5,2.1,66.1,
108,2022-08-20,28.2,25.7,628,32,1437,1.83,0,,.2,,0,8.1,270,117,4.4,270,122,2.4,2048,24.2,63,1402,80,30.2,991.9,1003.4,2215,999.4,220,1001.4,13.5,9.6,1300,3.5,23.65,,,,,,4.8,4.1,30.3,23.3,28.5,27.9,26.8,26.5,27,26.4,26.3,22.1,17.4,4.6,6.5,,
108,2022-08-21,28.1,24.7,634,32,1549,,,,,,,5.7,250,1630,3.4,250,1616,1.7,1475,23.1,59,1431,75.3,28.3,994.9,1006.1,915,1003.1,152,1004.5,13.4,5.5,1100,2.59,16.37,,,,,,5.9,5.5,28,21.9,28.7,28.3,27.5,27.3,27.6,26.3,26.3,22.3,17.4,3.3,4.8,,
108,2022-08-22,26.8,22.9,2302,30.2,1356,2,1,2146,2.7,2139,3.2,7.3,270,1521,4.2,200,1450,2.3,1960,22,59,1613,75.6,26.4,994.3,1005.3,2235,1002.6,1438,1003.9,13.4,1.5,1300,1.96,11.71,,,,,,8.4,5.9,27,20.3,28.3,28,27.4,27.4,27.8,26.3,26.2,22.1,17.4,2.7,3.8,5.4,
108,2022-08-23,25.4,22.4,513,30.2,1533,6.17,.3,419,1,418,2.2,6.4,340,1810,4.3,320,1819,2,1717,20.2,51,1829,75,23.9,995.9,1007.4,2216,1004.1,320,1005.6,13.4,7.1,1200,3.2,20.42,,,,,,5.4,3.8,27.6,18.9,27.7,27.4,27,27.1,27.7,26.4,26.1,21.9,17.5,4.7,6.7,,
108,2022-08-24,24.8,22.4,500,27.9,1145,,,,,,,8.3,70,1109,4.4,50,940,2.5,2126,18.1,59,1134,66.9,20.8,997.9,1009.3,1019,1006.4,1701,1007.6,13.3,2,1100,2.55,12.34,,,,,,6.8,3.8,24.4,18.9,26.5,26.4,26.3,26.7,27.6,26.4,26.1,21.8,17.5,2.7,3.9,0,
108,2022-08-25,22.2,21.1,2322,24,1054,7.08,.3,1125,.8,1102,1.6,5.6,270,1655,3.4,250,1427,1.8,1563,18.1,63,1437,78,20.8,997.7,1008.6,2303,1006.6,239,1007.5,13.3,0,1000,.77,4.5,,,,,,8.3,3.9,22.1,18.3,25.1,25.1,25.2,25.9,27.1,26.3,26.1,21.7,17.5,1.4,2.1,1.6,
108,2022-08-26,23.8,19.9,626,28.4,1512,,,,,,,8.7,270,1837,5.1,270,1633,2.4,2059,18.9,55,1510,75.3,21.9,997.1,1008.5,1,1004.7,1637,1006.8,13.2,7.8,1200,2.87,19.91,,,,,,4.5,2.9,25.8,16.5,25.3,25,24.7,25.2,26.4,26.2,26,21.7,17.5,4,5.7,17.6,
108,2022-08-27,21.5,17.6,638,25.5,1541,.58,14.8,151,17.6,140,17.6,9.7,290,154,5.4,290,200,2.8,2381,13.6,43,1252,63.1,15.8,1000.3,1013.1,2327,1006.5,144,1010.1,13.2,12.4,1200,3.47,27.09,,,,,,1.3,.1,24.4,14.3,24.6,24.4,24.5,25.1,26.3,26,26,21.6,17.6,5.4,7.8,,
108,2022-08-28,22.6,16.1,538,28.4,1644,,,,,,,5.7,50,1325,3.2,50,1332,1.7,1475,13.8,39,1356,59.4,15.8,1004.5,1016.1,723,1012.8,1637,1014.3,13.2,12.1,1100,3.18,24.53,,,,,,5.1,1.5,24.3,11.2,24.4,24.2,24.1,24.7,25.9,25.9,25.9,21.6,17.6,4.7,6.7,1.1,
108,2022-08-29,21,19.5,940,22.5,1,11.58,.4,721,.6,631,2.2,6.7,160,1756,3.9,50,1135,2.3,1976,16,63,321,74,18.3,1005.5,1016.6,1002,1014.1,1,1015.4,13.1,0,1400,1.04,5.97,,,,,,9.9,4.6,22.1,17.4,24.1,24,24.1,24.8,25.9,25.7,25.8,21.6,17.6,1.5,2.1,18.2,
108,2022-08-30,19.1,17.9,527,20.3,1,21.42,.9,250,4.2,250,35.8,6.8,50,931,4.1,50,940,2.6,2215,18.5,71,23,96.3,21.3,1001.2,1015.1,2,1008.1,2333,1011.2,13.1,0,1400,.48,3.06,,,,,,10,7.9,20.3,17.2,22.3,22.3,22.6,23.6,25.2,25.5,25.7,21.6,17.7,.7,.9,18.7,
108,2022-08-31,21.7,19.6,32,24.9,1703,4.17,0,,0,,0,7.3,200,1057,4.5,340,1149,1.8,1543,18.6,69,1758,83.3,21.4,998.8,1011,2348,1006.9,512,1008.6,13,2.5,1600,1.74,10.32,,,,,,7.5,5.9,22.2,16.6,23,22.8,22.5,23,24.3,25.3,25.7,21.6,17.7,2.2,3.1,0,
108,2022-09-01,24,18.3,614,30.4,1553,,,,,,,7,360,1706,4.3,320,1718,1.7,1473,17.8,42,1733,70.8,20.4,1003.3,1015,2355,1011,1,1013.1,13,12.1,1200,3.32,25.02,,,,,,1,.1,26.7,14.3,24.3,23.9,23.3,23.6,24.4,25,25.6,21.8,17.7,5.2,7.4,,
108,2022-09-02,24.7,20.3,648,29.8,1540,,,,,,,9.2,50,1959,5.3,50,2046,3.1,2715,16.5,47,1648,61.8,18.8,1005.8,1016.9,921,1013.7,1621,1015.6,13,11.6,1100,3.23,24.51,,,,,,2.4,.6,26.9,16.5,25,24.7,24.2,24.3,24.9,24.8,25.4,21.8,17.8,5.8,8.2,,
108,2022-09-03,24.2,20.5,630,29.2,1456,,,,,,,9,50,914,5.3,50,1010,3.4,2932,16.6,54,1351,63,19,1004.2,1016.3,1,1012.3,1442,1014,12.9,4.5,1300,2.99,16.39,,,,,,6.6,4,26.6,17.6,24.9,24.6,24.3,24.5,25.2,24.8,25.3,21.8,17.8,4.1,5.8,2.5,
108,2022-09-04,22.3,19.8,632,24,1905,13.67,3.8,1824,9.7,2135,33.8,8.4,50,850,4.9,50,711,3.1,2649,20.2,65,103,88.6,23.8,999.1,1013.4,12,1005.9,1604,1008.9,12.9,0,1500,.5,3.54,,,,,,9.6,6.8,22.4,18.2,23.9,23.8,23.7,24.2,25.2,24.8,25.2,21.7,17.8,.7,1,39.3,
108,2022-09-05,19.2,17.7,2103,22.7,1,24,2.9,1544,12.8,1025,120,18.3,20,2226,6.9,50,2229,3.2,2729,18.4,92,337,95.9,21.3,997.1,1008.7,19,1004.1,2400,1007,12.9,0,1200,.22,1.61,,,,,,10,8.3,19.8,16.9,21.9,21.9,22.1,23.1,24.7,24.7,25.1,21.7,17.9,.5,.8,137.1,
108,2022-09-06,21,17,254,26.3,1601,8.92,1.8,238,8.9,151,25.3,13.8,20,351,7.1,50,358,3.6,3106,16.6,41,1624,78,18.8,995.3,1013,2332,998.3,611,1005.1,12.8,8.4,1100,2.9,20.76,,,,,,3.9,3.1,21.2,14.8,20.6,20.3,20,20.7,22,24.2,25.3,24.1,18,4.1,5.9,,
108,2022-09-07,22.8,17.9,701,28.1,1511,,,,,,,6.6,290,1548,4,250,1543,1.9,1683,14.9,32,1334,65.3,17.2,1006.8,1018.8,2143,1013,1,1016.7,12.8,11.9,1200,3.28,24.4,,,,,,.1,0,25.3,11.2,22.3,22,21.5,21.7,22.6,23.7,25,23.7,18.6,5.2,7.4,,
108,2022-09-08,23.2,16.7,635,29.5,1555,,,,,,,5.6,340,1813,3.7,320,1814,1.6,1414,15.9,39,1530,65.5,18.1,1007.7,1019.5,747,1015.4,1543,1017.6,12.7,11.8,1200,3.25,23.96,,,,,,2.1,0,25.9,11.2,23,22.6,22.2,22.5,23.1,23.6,24.8,23.1,18.8,4.7,6.7,,
108,2022-09-09,24.3,18.9,620,30.8,1526,,,,,,,6.4,50,1730,3.8,50,1729,2,1686,15,30,1633,59.1,17.1,1007.2,1018.2,917,1015.2,1646,1017,12.7,11.1,1200,3.24,23.91,,,,,,4.1,.1,27,13.6,24,23.7,23.1,23.2,23.6,23.6,24.7,22.8,18.7,,,,
108,2022-09-10,23.6,19,646,28.4,1636,,,,,,,8,50,1353,4.2,50,2216,2.6,2251,13,37,1319,52.3,15.1,1007.2,1018.6,633,1015.4,1647,1017,12.6,6.5,1200,2.85,18.76,,,,,,7.9,1,24.1,12.9,23.8,23.6,23.3,23.5,24,23.6,24.5,22.5,18.6,4.6,6.5,,
108,2022-09-11,23.3,20.6,638,26.4,1331,1.83,.1,,.1,,.1,6.9,70,1036,3.6,50,923,2.1,1812,17,52,1501,68.6,19.4,1004.8,1016.6,1,1012.9,1856,1014.6,12.6,1.8,900,1.69,10.27,,,,,,8.9,5.4,24.8,16.6,24,23.7,23.3,23.5,24.1,23.7,24.4,22.4,18.6,2.3,3.2,.1,
108,2022-09-12,23.8,20.3,558,27.5,1541,,,,,,,5.1,320,1745,3.2,320,1750,1.6,1347,19.2,60,1424,76.1,22.2,1004,1014.9,2317,1012.8,1522,1013.8,12.6,3.5,1000,2.12,13.15,,,,,,8.1,2.8,25.2,16.9,24.1,23.8,23.3,23.5,24,23.7,24.4,22.3,18.6,2.5,3.6,,
108,2022-09-13,24.3,21.8,626,26.4,1341,4.83,0,,0,,0,7.8,50,2014,4.3,50,2017,2.5,2153,19,64,1333,73,22,1005.7,1016.9,2056,1013.9,226,1015.6,12.5,.1,1000,1.26,7.38,,,,,,9.6,3.5,24,18.7,24.2,23.9,23.5,23.7,24.2,23.7,24.3,22.2,18.6,2.7,3.8,0,
108,2022-09-14,24.6,22.7,2334,27.9,1410,1.17,0,,0,,0,14.3,70,1925,8,50,1906,4.6,3947,15.3,45,1635,56.9,17.5,1005.7,1016.9,959,1013.8,1558,1015.5,12.5,1.1,1300,1.67,10.09,,,,,,8.8,4.5,24.4,19.7,24,23.8,23.4,23.6,24.2,23.8,24.3,22.1,18.6,4.2,6,,
108,2022-09-15,25.2,22,504,28.3,1539,.42,.1,,.1,,.1,9.6,50,158,5.2,50,152,3.6,3082,18.5,56,1048,66.9,21.3,1001,1014.6,1,1008.2,1933,1010.7,12.5,3.4,1000,2.43,12.29,,,,,,8.4,2.3,25.3,19,23.9,23.6,23.2,23.4,24,23.8,24.3,22,18.6,3.2,4.6,.1,
108,2022-09-16,25.7,23.4,605,29.9,1326,5.5,7.2,1645,8.6,2321,14.6,8.6,140,1149,4.8,110,1151,2.9,2474,21.5,63,1138,78.6,25.8,997.5,1008.5,1,1005.3,1505,1007.2,12.4,1.8,1100,2.55,10.4,,,,,,9,6,25.9,21,24.9,24.6,23.9,23.8,24.2,23.8,24.3,22,18.6,2.3,3.2,18.9,
108,2022-09-17,25.6,23.3,537,29.4,1619,1.92,2,8,4.3,1,4.3,6.1,230,9,3.3,250,12,1.4,1248,22.3,65,1716,83.1,26.9,998.1,1009.4,929,1006.1,1645,1007.8,12.4,3.8,1300,2.11,11.31,,,,,,7.8,5.8,26.3,20.7,25.6,25.2,24.4,24.3,24.6,23.8,24.2,21.9,18.6,2.3,3.3,,
108,2022-09-18,27.1,23,616,32.5,1551,,,,,,,8.2,20,2201,4.6,50,2149,2,1761,22,55,1532,75.3,26.5,993.8,1007.4,10,1000.3,2351,1003.4,12.3,5.7,1300,2.48,15.9,,,,,,6.5,3.6,27.8,20.5,26,25.6,24.9,24.7,24.9,23.9,24.2,21.9,18.6,3.6,5.2,,
108,2022-09-19,24.6,19.5,2359,29.6,1306,,,,,,,12.4,160,748,6.6,20,754,3.3,2885,16.9,48,1348,63.1,19.6,992.3,1008.5,2400,998.4,434,1001.9,12.3,6.9,1200,3.12,18.62,,,,,,5.4,2.8,26.2,14.1,25.8,25.6,25.1,25.1,25.3,24,24.2,21.9,18.6,,,,
108,2022-09-20,19.9,16.1,631,24.6,1506,,,,,,,7.9,110,1029,4.6,110,1030,2.3,1981,10.7,36,1632,57,12.9,1003.3,1015.9,2345,1008.4,6,1013.3,12.3,9.7,1000,2.57,18.93,,,,,,2.1,.8,23.8,9.3,23.4,23.4,23.7,24.3,25.1,24.1,24.3,21.8,18.6,3.8,5.5,,
108,2022-09-21,19.4,13,626,25.6,1449,,,,,,,7,110,1218,3.6,180,1209,1.8,1562,10.1,36,1459,56.9,12.4,1006.7,1018.3,1008,1015.2,1643,1016.7,12.2,11,1300,3.16,22.18,,,,,,.5,.5,23.1,6.5,22.2,22.2,22.4,23.1,24.2,24.1,24.3,21.8,18.6,4.5,6.4,,
108,2022-09-22,19.8,14.2,635,24.7,1454,,,,,,,6.6,110,931,3.5,50,638,2,1765,11.6,45,1459,60.1,13.6,1004.9,1017.4,801,1012.2,1553,1014.8,12.2,7.4,1100,2.89,17.9,,,,,,4,1.6,23.1,9.4,22,21.9,22,22.7,23.7,24,24.3,21.8,18.7,,,,
108,2022-09-23,17.5,14.7,2354,22.2,1026,.67,3.3,1130,3.3,1115,3.3,13.1,290,1306,6.7,180,1059,3.1,2675,11.4,42,1500,68.9,13.7,1002.7,1016.1,2354,1009.8,1107,1012.8,12.1,7.9,1300,3.07,16.53,,,,,,3,1.9,19.9,9.9,21.2,21.3,21.6,22.4,23.5,23.8,24.3,21.7,18.7,3.3,4.8,3.3,
108,2022-09-24,18.5,12.3,645,24.2,1503,,,,,,,7.6,290,1159,3.9,270,1152,1.8,1571,11.1,37,1512,64.6,13.3,1006.6,1017.9,1106,1015,1623,1016.6,12.1,10.7,1200,3.09,21.67,,,,,,3.4,.5,21.5,5.6,20.2,20.2,20.5,21.4,22.8,23.7,24.2,21.7,18.7,4,5.6,,
108,2022-09-25,19.6,15.4,553,25.2,1450,,,,,,,5.7,290,1604,3.7,290,1517,1.6,1425,11.9,36,1319,63.3,14,1006.1,1017.7,935,1014.5,1645,1016,12.1,7.8,1200,3.02,17.94,,,,,,6.4,.6,22.3,9.9,21.2,21,21,21.6,22.6,23.4,24.2,21.7,18.7,3.6,5.1,,
108,2022-09-26,20,14.8,642,25.4,1456,,,,,,,5.3,250,1129,3.5,250,1130,1.7,1472,10.8,32,1435,58.5,13,1006.6,1018,815,1015.1,1544,1016.6,12,8.7,1200,2.7,18.48,,,,,,6.5,.4,22.5,9.5,21.2,21.1,21,21.6,22.6,23.3,24.1,21.7,18.7,3.9,5.6,,
108,2022-09-27,20.9,14,642,28,1535,,,,,,,5.4,20,1400,3.1,340,1635,1.6,1392,11.7,29,1634,59,13.7,1005.4,1017.1,727,1013,1623,1015.3,12,11.2,1200,3.04,21.17,,,,,,.5,0,23.5,6.9,21.2,21,21,21.6,22.5,23.1,24,21.7,18.7,4.3,6.1,,
108,2022-09-28,20.4,16.1,630,26.1,1617,,,,,,,4.7,270,1734,3,270,1742,1.8,1578,14.7,47,1642,71,16.8,1003.5,1014.7,1,1011.6,1611,1013.5,11.9,5,1400,2.17,12.51,,,,,,4.6,.1,21.6,10.1,21.2,21.1,21,21.6,22.4,23,23.9,21.6,18.7,2.3,3.3,,
108,2022-09-29,20.4,16.4,612,26.5,1612,,,,,,,5.8,230,1744,3.4,250,1745,1.4,1227,14.9,33,1605,73.5,17,1004.5,1015.8,2312,1012.7,1540,1014.4,11.9,7.9,1200,2.76,17.37,,,,,,2.5,2.5,21.9,10,21.6,21.4,21.2,21.6,22.4,22.9,23.8,21.6,18.7,3.5,4.9,,
108,2022-09-30,20.7,14.8,705,27.7,1522,,,,,,,5.2,250,1509,3.2,270,1813,1.6,1412,13.9,34,1618,68,16,1005.9,1017.2,741,1013.9,1620,1015.8,11.9,10.6,1200,2.72,19.27,,,,,,.3,0,22.4,7.1,21.5,21.3,21.2,21.6,22.4,22.8,23.7,21.6,18.8,3.8,5.4,,
108,2022-10-01,20.9,14.4,641,27.6,1357,,,,,,,4.2,200,1232,2.7,270,1651,1.6,1401,13,33,1448,63.3,15,1007.4,1019.2,950,1016,1540,1017.4,11.8,7.9,1200,2.84,17.31,,,,,,5.4,0,21.8,6.9,21.4,21.2,21.1,21.6,22.4,22.7,23.6,21.6,18.8,3.3,4.7,.1,
108,2022-10-02,19.4,17.2,2232,21.6,1321,15.08,1.7,2214,6.1,1725,15.8,8.6,50,1428,5.5,50,1430,2.7,2300,15.4,60,1631,78.9,17.5,1005.8,1018.5,616,1013.2,2230,1015.8,11.8,0,1200,.59,3.8,,,,,,9.9,6.8,19.5,11.6,20.9,20.9,21,21.6,22.4,22.7,23.6,21.6,18.8,1.1,1.6,37.5,
108,2022-10-03,21.4,17.5,1,23.4,2004,22.58,7.4,1143,14.7,2219,76,13.7,200,2025,6.5,200,2135,2.7,2325,21,94,2203,98.5,25.1,1001.2,1013.7,936,1007.2,2201,1011.1,11.7,0,1000,.23,1.06,,,,,,10,8.1,20.6,17.2,20.8,20.6,20.4,20.9,22,22.6,23.5,21.5,18.8,.4,.6,66,
108,2022-10-04,17.9,14.2,2329,23,1,7.08,2.1,111,7,30,11.8,10.2,230,50,5.7,270,59,2.9,2473,14.9,67,2014,83.8,17.4,1002.6,1017.8,2346,1006.8,136,1012.6,11.7,.4,1100,1.58,6.5,,,,,,9.8,6.6,19.7,13.8,21.4,21.2,20.9,21.2,21.9,22.3,23.4,21.5,18.8,1.5,2.1,.1,
108,2022-10-05,16.6,14.1,34,21.6,1519,3.58,.1,,.1,,.1,6.7,270,1816,3.8,20,1508,2.1,1856,11.8,48,1544,74.8,13.8,1009.2,1021,936,1017,1533,1019.3,11.7,4.9,1200,2.67,15.62,,,,,,7.5,3.9,19.1,13.1,20.1,20,20.1,20.7,21.7,22.2,23.3,21.9,18.8,2.9,4.1,,
108,2022-10-06,15.8,12.7,640,19.1,1419,2.25,0,,0,,0,6.2,140,1255,3.4,50,1105,2.1,1842,11.6,63,1401,76.6,13.6,1008.9,1021.3,930,1016.6,1707,1019.1,11.6,1.6,1100,1.52,7.74,,,,,,8.9,5.1,17.4,10,19.2,19.1,19.4,20.3,21.6,22.2,23.2,21.8,18.8,1.6,2.3,0,
108,2022-10-07,14.3,11,651,18.6,1522,,,,,,,9.2,360,1520,4.7,20,1525,2.5,2121,8.6,48,2002,69.5,11.2,1009.9,1023.7,2320,1017.9,135,1020.2,11.6,7.6,1400,2.07,15.08,,,,,,3.4,2.9,16.8,6.3,18.2,18.2,18.6,19.6,21.1,22.1,23.1,21.7,18.9,2.7,3.8,,
108,2022-10-08,15.8,11.1,654,21.6,1508,,,,,,,6.5,20,849,4.2,50,854,2.5,2148,8.7,42,1510,64.6,11.3,1013.4,1025.7,933,1021,1735,1023.6,11.6,9.5,1100,2.75,18.48,,,,,,2.9,1.8,17.4,6.9,17.7,17.6,17.9,19,20.5,21.9,23.1,21.6,18.9,3.2,4.5,.3,
108,2022-10-09,13.1,10.7,2221,14.5,117,13.67,3,1843,4.2,1840,20.4,11.5,270,1913,6.1,250,1927,2.1,1810,10.6,69,249,85.8,12.9,1007.3,1023.5,29,1012.9,1837,1017.5,11.5,0,1100,.44,2.4,,,,,,8.8,5.1,13.9,7.8,17,17.1,17.6,18.8,20.3,21.7,23,21.5,18.9,.8,1.1,20.1,
108,2022-10-10,9.9,8.2,2034,11.9,1408,4.58,0,,0,,0,12.8,270,1438,6.8,270,1519,3.8,3303,5.1,59,1122,72.9,8.8,1003.4,1016.7,2359,1011.4,1459,1013.8,11.5,2.3,1000,1.72,9.31,,,,,,7.4,7,11.9,5.8,15.2,15.3,16.1,17.5,19.4,21.5,22.9,21.5,18.9,1.6,2.3,0,
108,2022-10-11,11.1,7.4,250,16.4,1531,,,,,,,9.3,250,15,4.7,270,17,2.2,1928,5.4,51,1619,69.1,9,1011.3,1024.7,2248,1016.7,2,1021.7,11.4,10.3,1200,2.75,18.72,,,,,,2.1,2.1,14,2.4,14.7,14.7,15.3,16.6,18.6,21.1,22.7,21.4,18.9,2.7,3.9,,
108,2022-10-12,13.5,6.5,645,20.6,1513,,,,,,,6.6,110,1421,3.3,50,1159,1.8,1548,7.2,42,1622,68.1,10.2,1016.1,1027.8,937,1024.7,1,1026.4,11.4,10.6,1100,2.67,18.13,,,,,,0,0,14.8,.3,14.9,14.8,15.3,16.5,18.3,20.7,22.5,21.4,18.9,3,4.3,,
108,2022-10-13,16.3,10.7,639,22.7,1435,,,,,,,5.3,70,1204,3,70,754,1.5,1314,10.2,43,1459,69.6,12.4,1014.4,1027.5,2,1021.9,1759,1024.6,11.3,10.4,1200,2.7,17.98,,,,,,2.5,.3,16.8,4.2,16.1,15.9,16,16.8,18.2,20.4,22.3,21.4,18.9,3,4.3,,
108,2022-10-14,17.1,12.4,529,23,1454,,,,,,,5.5,320,2047,3.2,290,2035,1.6,1415,11.9,49,1410,73.4,14,1009.8,1022.5,5,1017.6,1829,1019.9,11.3,4.9,1400,2.01,13.52,,,,,,7.9,4.3,17.4,5.6,17.1,16.8,16.8,17.3,18.4,20.2,22.1,21.3,18.9,2.5,3.5,,
108,2022-10-15,18.2,12.6,653,24.4,1505,,,,,,,6.5,290,1814,4.3,290,1821,1.4,1243,11.8,38,1318,68.5,13.8,1008.6,1020.3,911,1017.2,1422,1018.7,11.3,8.2,1100,2.61,16.21,,,,,,5.8,4.5,18.8,6,17.8,17.5,17.3,17.8,18.7,20.1,21.9,21.3,19,2.9,4.1,,
108,2022-10-16,16.9,15.1,2400,20.5,1202,,,,,,,7.4,290,1319,4.3,290,1320,1.7,1459,12.1,64,1628,73.9,14.1,1007.7,1018.9,807,1016.5,1615,1017.8,11.2,.6,1100,1.32,6.15,,,,,,8.8,8.8,16.1,9.6,17.9,17.8,17.7,18.2,19,20,21.8,21.3,19,1.7,2.5,,
108,2022-10-17,11.2,7.4,2344,15.1,1,,,,,,,11.4,290,1548,6.3,320,613,3.4,2963,.6,25,1332,50.3,6.6,1009.4,1021.7,2236,1017.6,22,1019.8,11.2,10.1,1200,2.79,18.79,,,,,,1.4,1.4,14.2,-.9,16,16.1,16.7,17.6,18.9,20,21.6,21.2,19,3.6,5.2,,
108,2022-10-18,9.4,5,657,14.2,1451,,,,,,,7.2,290,1407,4.4,320,1357,2.3,1964,-.3,33,1459,52.1,6,1012.4,1024,2311,1021.6,1,1022.9,11.2,10.2,1200,2.72,18.27,,,,,,0,0,12,-1.9,13.8,13.9,14.8,16.3,18.1,19.9,21.5,21.2,19,2.9,4.1,,
108,2022-10-19,10.5,4.4,654,16.8,1510,,,,,,,8,320,1213,4.2,340,1222,1.8,1518,1.9,30,1405,57.8,7.1,1015.5,1027.8,2324,1023.9,1,1026,11.1,10.2,1200,2.68,17.78,,,,,,0,0,12.2,-3.3,13.1,13.2,14,15.4,17.3,19.7,21.4,21.1,19,3,4.4,,
108,2022-10-20,12.9,6,711,19.7,1500,,,,,,,5.3,250,1406,3.1,250,1912,1.8,1586,5.7,31,1626,64.4,9.2,1017,1029.8,807,1025.4,1713,1027.4,11.1,10.1,1200,2.58,17.2,,,,,,2.1,.6,14,-1.6,13.7,13.6,14,15.2,16.8,19.4,21.3,21.1,19,3,4.4,,
108,2022-10-21,14,8.8,707,20.9,1431,,,,,,,5.7,200,1357,3.6,270,1623,1.7,1491,7.7,31,1611,68.8,10.6,1013.8,1026.4,210,1022,1440,1024.1,11,8.8,1300,2.37,15.16,,,,,,4.9,2.4,14.7,1.4,14.7,14.6,14.7,15.5,16.8,19.1,21.2,21,19,2.7,3.9,,
108,2022-10-22,15.1,10.5,724,20.8,1412,,,,,,,7.3,180,1415,4,270,1608,1.9,1644,10.6,52,1408,76.3,12.9,1010.4,1023,1,1018.5,1433,1020.6,11,9.3,1200,2.4,14.93,,,,,,4.3,3.9,16.4,3.4,15.4,15.2,15.1,15.8,17,18.9,21,21,19,2.5,3.6,,
108,2022-10-23,14,10.4,2356,18.6,1459,,,,,,,8.8,320,1714,4.4,320,1720,2.7,2290,6.8,29,1656,65,10.3,1008.6,1020.4,2223,1017.1,1513,1018.9,11,7.7,1200,2.29,14.04,,,,,,2.5,2.5,15.8,4.8,16,15.9,15.8,16.4,17.3,18.8,20.8,20.9,19,3,4.3,,
108,2022-10-24,10.6,7.5,2356,14.8,1521,,,,,,,8.8,290,1421,5.2,290,1114,2.8,2454,.6,27,1509,52.6,6.5,1011.3,1025.6,2358,1019.3,217,1021.7,10.9,9.9,1200,2.62,16.88,,,,,,.3,0,12.9,-1,14.1,14.2,14.7,15.8,17.2,18.7,20.7,20.9,19,3.2,4.6,,
108,2022-10-25,11.3,5.9,531,17.6,1535,,,,,,,7.6,20,1131,4.1,50,1147,2,1688,2.6,37,1539,56.5,7.4,1017.5,1029.8,859,1025.6,1,1028,10.9,9.9,1200,2.51,16.37,,,,,,0,0,12.7,-2.2,13.1,13.1,13.7,14.9,16.6,18.6,20.6,20.8,19,3,4.3,,
108,2022-10-26,12.9,8,653,17.8,1350,,,,,,,5.9,50,607,3.2,70,309,1.9,1610,4.5,38,1312,58.3,8.4,1017,1029.5,901,1025.5,1712,1027.3,10.8,7.3,1100,2.26,12.66,,,,,,4.9,2.1,12.7,2.3,13.5,13.4,13.7,14.7,16.2,18.5,20.5,20.8,19,2.1,3,,
108,2022-10-27,13.2,8.6,701,18.9,1414,,,,,,,7.7,340,1501,3.9,290,1342,1.7,1461,7.9,49,1211,71.8,10.8,1015,1026.5,852,1023.5,1518,1025.3,10.8,9.2,1200,2.31,14.31,,,,,,1.4,1.4,14.1,1,14,13.9,14,14.8,16.2,18.3,20.3,20.7,19,2.4,3.4,,
108,2022-10-28,13.6,8.2,636,20.6,1525,,,,,,,5.6,270,1758,3.4,270,1804,1.7,1477,7.9,41,1541,70.1,10.7,1015.5,1027.3,906,1023.8,1638,1025.8,10.8,8.3,1100,2.42,14.35,,,,,,1.5,1.5,14.2,1.1,14.2,14.1,14.2,14.9,16.2,18.1,20.2,20.7,19,2.5,3.5,,
108,2022-10-29,14.8,10.2,709,21.3,1507,,,,,,,5.6,50,921,3.5,50,923,1.8,1529,8,37,1522,65.9,10.7,1015.6,1027.8,846,1023.9,1647,1025.9,10.7,9.3,1200,2.35,14.64,,,,,,1.1,0,15.1,4.2,14.5,14.4,14.4,15.1,16.3,18,20.1,20.6,19,2.5,3.6,,
108,2022-10-30,14.9,10.4,702,21.3,1503,,,,,,,5,50,756,2.9,50,220,1.9,1634,7.8,39,1408,64.5,10.6,1014.7,1026.7,853,1023.1,1507,1025,10.7,8.9,1200,2.28,13.64,,,,,,1.1,.1,15,5,14.6,14.5,14.6,15.2,16.3,17.9,19.9,20.6,19,2.6,3.7,,
108,2022-10-31,14.9,11.2,710,21.1,1406,,,,,,,5.4,110,1001,3.2,140,1010,2.1,1804,9.1,42,1413,69.8,11.6,1013.5,1025.7,838,1022.1,1429,1023.7,10.7,7.6,1200,2.28,13.19,,,,,,4,3.6,14.6,7.3,15,14.8,14.7,15.3,16.4,17.8,19.8,20.5,19,2.3,3.3,,
108,2022-11-01,13.1,9.4,2355,17.8,1511,,,,,,,7.6,270,1516,4.4,250,1610,1.8,1558,8.1,44,1556,73.5,11,1011.5,1023.3,849,1020.2,1409,1021.8,10.6,4.7,1300,1.72,9.52,,,,,,3.4,2.5,13.9,1.2,14.7,14.6,14.7,15.4,16.5,17.8,19.7,20.5,19,1.9,2.6,,
108,2022-11-02,11.1,5.5,715,17.9,1431,,,,,,,6.8,270,1501,4.4,250,1544,1.7,1491,2,23,1549,57.1,7.1,1010.5,1023.2,904,1019,1349,1020.8,10.6,9.6,1200,2.42,15.45,,,,,,0,0,11.9,-3.2,13.1,13.2,13.7,14.7,16.1,17.7,19.6,20.4,19,3,4.2,,
108,2022-11-03,9.3,5.6,2356,13.4,1242,1.75,,,,,0,9,320,2254,5.2,320,2241,2,1736,1.3,44,1131,58.1,6.8,1009.3,1021.5,2249,1018.6,1242,1019.8,10.6,.6,900,1.17,5.36,,,,,,6.1,3.1,8.9,-.1,12.4,12.5,13,14.1,15.7,17.6,19.6,20.3,19,1.7,2.4,0,
108,2022-11-04,4.9,1.6,709,9.8,1440,,,,,,,9.8,340,1513,5.2,290,1503,2.9,2484,-7.5,23,1459,41.8,3.5,1012.9,1025.4,2344,1021.3,1,1023.5,10.5,9.6,1200,2.43,15.6,,,,,,.1,0,7.4,-4.9,10.4,10.6,11.6,13.1,15.1,17.5,19.5,20.3,19,2.7,3.9,,
108,2022-11-05,6.5,.8,721,13.6,1522,,,,,,,7.2,290,1338,3.9,320,1241,1.7,1437,-3.6,24,1353,51.3,4.8,1014.5,1026.9,900,1023.6,1539,1025.1,10.5,9.7,1200,2.37,15.06,,,,,,0,0,7.4,-9,9.3,9.5,10.4,12,14.2,17.2,19.4,20.2,19,2.6,3.7,,
108,2022-11-06,9.6,3.7,730,16.4,1359,,,,,,,5.5,290,1502,3.3,180,1337,1.8,1569,1.8,36,1402,60.5,7,1013.8,1026.3,907,1022.2,1652,1024.3,10.5,9.6,1200,2.31,14.19,,,,,,2.6,1.3,9.7,-3.2,10.2,10.1,10.5,11.8,13.7,16.9,19.2,20.2,19,2.4,3.4,,
108,2022-11-07,11.4,6.1,546,16.6,1432,.17,,,,,0,7,270,1609,3.9,270,1607,1.7,1458,4.6,38,1546,64.5,8.5,1012.5,1024.4,848,1020.7,1452,1022.8,10.4,4.4,1100,1.42,8.35,,,,,,5.9,4.6,11.3,-.9,11.1,11,11.1,12.1,13.7,16.6,19.1,20.1,19,1.8,2.5,0,
108,2022-11-08,12.9,9.7,739,17.9,1414,,,,,,,6.4,270,1457,3.7,320,1458,1.5,1262,6.9,40,1552,68.3,9.9,1014.1,1025.6,841,1023.1,6,1024.4,10.4,8.1,1100,1.85,11.55,,,,,,2.5,2.5,13.1,.4,12.7,12.4,12.3,12.8,13.9,16.4,18.9,20.1,19,2,2.8,,
108,2022-11-09,11.4,6.7,718,16,1404,,,,,,,4.9,340,1427,3.1,320,1347,1.5,1260,7.1,57,1316,76,10.1,1014.8,1026.8,813,1023.8,1447,1025.2,10.4,5.3,1100,1.77,9.82,,,,,,6.1,.6,10.7,-1.3,12,11.9,12.1,12.9,14.2,16.3,18.7,20,19,1.5,2.1,,
108,2022-11-10,13.5,8.8,641,19.1,1408,,,,,,,4.8,290,1903,2.9,250,1632,1.3,1092,8.8,53,1426,74.5,11.3,1014.2,1025.8,2330,1022.5,1524,1024.5,10.3,7.9,1100,1.75,10.6,,,,,,1.6,0,12.8,1.6,12.9,12.6,12.5,13.1,14.2,16.2,18.6,19.9,19,1.9,2.7,,
108,2022-11-11,15.6,10.9,434,22.1,1538,,,,,,,6.4,110,1225,3.2,70,658,1.8,1518,8.1,40,1545,62.5,10.8,1014.5,1026.8,847,1023.1,1611,1024.7,10.3,8.8,1200,2.01,11.75,,,,,,.9,.9,13.7,4.1,13.3,13,12.9,13.4,14.4,16.1,18.5,19.9,19,2.3,3.2,,
108,2022-11-12,16.3,11.6,501,22,1318,7.5,,,,,57.9,9.9,270,2048,4.6,250,2041,2.2,1942,12.5,50,1256,80,15,1005.1,1023.5,1,1008,2341,1015.2,10.3,2.6,1200,1.96,6.93,,,,,,8.1,6.5,13.9,5.3,14.3,13.9,13.6,13.9,14.6,16.1,18.3,19.8,19,1.4,2,57.9,
108,2022-11-13,10.3,8.7,2357,17.3,1,,,,,,,10.4,200,153,6.3,230,200,2.6,2243,7.9,69,1350,85.6,10.7,1005,1019.8,2320,1007.7,31,1015.3,10.2,0,1300,.61,3.61,,,,,,8.8,8.1,12.4,3.7,14.6,14.5,14.4,14.7,15.6,15.6,18,19.8,19,.7,1,,
108,2022-11-14,9.7,5.9,2356,13.8,1305,,,,,,,8.6,250,1340,4.8,230,1403,2.3,2007,5.1,45,1524,74.8,9,1007.5,1020.2,215,1016,1410,1017.9,10.2,4.5,1200,1.64,8.25,,,,,,5.3,4.1,10.8,-.6,12.8,12.7,13,13.9,15.1,15.9,17.9,19.7,19,1.6,2.3,,
108,2022-11-15,8.1,4,658,12.3,1341,2.25,,,,,1.6,10.4,340,2030,5.4,320,2041,2,1716,4.2,62,1,77.4,8.4,1006.4,1017.9,1,1015.2,1341,1016.9,10.2,2.9,1000,1.51,6.96,,,,,,6.5,5.9,8.4,-2.1,10.9,10.9,11.5,12.8,14.3,16,17.9,19.6,19,1,1.5,1.6,
108,2022-11-16,8.5,5.5,703,13,1431,,,,,,,7.1,290,1137,3.9,290,1138,1.7,1477,2.8,33,1506,71.3,7.6,1009.8,1022.4,2205,1017,2,1020.3,10.2,8.3,1200,2.07,12.11,,,,,,2,.4,8.1,-.3,10.4,10.4,10.9,12,13.7,15.9,17.9,19.6,18.9,2,2.8,,
108,2022-11-17,10.2,5.4,722,16.6,1436,,,,,,,4.8,270,1254,3.1,180,1353,1.6,1416,3.5,41,1453,64.6,7.9,1013.4,1025.6,2159,1022.2,1,1023.8,10.1,9.1,1200,1.97,11.46,,,,,,1.3,.8,8.6,.4,10.3,10.2,10.5,11.6,13.2,15.7,17.8,19.5,18.9,1.9,2.7,,
108,2022-11-18,11,5.3,749,18.1,1502,,,,,,,4.2,110,1253,2.7,200,1450,1.6,1362,5.1,39,1406,69.6,8.8,1015.6,1027.9,820,1024.1,1505,1026,10.1,9.1,1200,1.99,12.08,,,,,,1,0,8.8,-.9,10.3,10.2,10.5,11.5,12.9,15.4,17.7,19.4,18.9,,,,
108,2022-11-19,12.9,8.7,111,19.2,1507,,,,,,,7.4,110,1245,4.4,50,907,2.3,2000,3.9,35,1529,55.8,8.1,1012,1025.5,1,1019.6,1600,1022.3,10.1,9,1200,2.02,11.5,,,,,,3.1,.4,9.8,1.4,10.8,10.6,10.7,11.5,12.8,15.2,17.6,19.4,18.9,2.4,3.4,,
108,2022-11-20,13.7,9.5,725,20.2,1332,,,,,,,5.3,290,1626,3,320,1524,1.7,1448,5.4,38,1434,58.3,9,1009.4,1020.9,933,1017.7,1443,1019.7,10,9.1,1200,1.99,11.85,,,,,,1.8,1.6,11,2.5,11.6,11.4,11.3,11.8,12.9,15,17.5,19.3,18.9,2.3,3.3,,
108,2022-11-21,11.8,9.3,711,16.2,1132,,,,,,,7.6,340,1216,5.1,320,1219,1.6,1390,6.4,53,1304,70.5,9.6,1010.8,1023,2254,1019.8,1521,1021.2,10,3.1,1000,1.33,6.36,,,,,,3.4,3.4,9.3,1.6,11.3,11.2,11.3,12,13,14.9,17.4,19.2,18.9,1.2,1.7,,
108,2022-11-22,10.7,7,651,13.7,1414,2.17,,,,,0,6.9,50,1031,4.3,50,937,1.9,1664,5,47,1546,69.9,8.8,1010.3,1023.5,156,1017.9,2324,1020.7,10,1.6,1000,1.36,5.55,,,,,,8.8,4.5,9.1,-.5,10.8,10.6,10.8,11.6,12.9,14.9,17.2,19.2,18.9,1.3,1.8,0,
108,2022-11-23,10.8,6.8,2343,15.2,1322,1.5,,,,,0,8.4,290,1445,4.5,320,1409,2.1,1801,1.9,34,1412,56,7.2,1007.3,1019.6,2350,1016.5,1238,1017.7,10,7.9,1200,2.02,11.6,,,,,,3.3,1.9,9.8,-.6,11.3,11.1,11.1,11.8,12.8,14.8,17.1,19.1,18.9,2.3,3.3,,
108,2022-11-24,9.4,5.9,235,14.1,1519,,,,,,,5.2,250,1343,3.2,270,1305,1.5,1281,3.1,51,1123,65.6,7.7,1010.5,1022,2338,1019.3,1441,1020.9,9.9,6.5,1300,1.69,9.32,,,,,,3.4,1.4,7.8,-1.4,10,9.9,10.3,11.3,12.7,14.7,17,19.1,18.8,1.6,2.2,,
108,2022-11-25,12.3,7.1,253,17.8,1501,1.32,,,,,1.7,10,200,1446,5.8,200,1350,3,2561,5.8,35,1606,67.1,9.3,1006.6,1022,1,1013.2,1518,1016.8,9.9,7.6,1300,1.82,10.66,,,,,,5,3.1,9.7,.6,10.5,10.3,10.3,11.1,12.4,14.6,16.9,19,18.8,2.4,3.5,1.7,
108,2022-11-26,6.7,1,2341,12.9,1,,,,,,,11.1,340,1321,5.8,320,1340,3,2594,-3.1,28,1321,52.4,5.4,1007.9,1021.9,2353,1014,1,1018.5,9.9,8.6,1200,2.02,11.75,,,,,,.3,0,5.9,-5.2,10,10,10.4,11.3,12.5,14.5,16.8,18.9,18.8,2.3,3.3,,
108,2022-11-27,5.4,-1.1,530,11.5,1521,,,,,,,5.8,70,847,3.8,50,902,2.4,2084,-6.5,28,1610,43.1,3.7,1010,1022.6,236,1018.5,1622,1020.7,9.9,7.4,1200,2.02,10.15,,,,,,2.4,.9,3.2,-6.8,7.2,7.3,8.1,9.8,11.7,14.4,16.7,18.9,18.8,2.6,3.7,.3,
108,2022-11-28,12.3,7.5,1,15,1311,11.58,,,,,19.5,7,70,402,4.7,50,512,2.7,2320,5.1,34,517,65.5,9.9,1003.7,1019.5,8,1008.6,2400,1014,9.8,.8,1100,1.27,3.87,,,,,,8.4,6.4,9.2,4.8,9.1,8.7,8.6,9.5,11.1,14.1,16.6,18.8,18.8,1,1.5,23,
108,2022-11-29,6.9,-1.6,2352,15,1,7.58,,,,,3.8,12,270,2132,6.5,290,2313,3.5,3020,.7,39,2213,67,7.6,1007,1027,2358,1008.1,215,1017.5,9.8,2,1300,1.41,5.34,,,,,,8.8,6.5,8.6,-1.8,10.7,10.6,10.5,10.9,11.7,13.9,16.5,18.7,18.8,1.5,2.2,0,
108,2022-11-30,-5.4,-8.1,2328,-1.6,1,,,,,,,11.3,290,250,6.5,290,259,3.9,3410,-14.5,34,1347,49.1,2,1021.1,1034.7,2214,1026.8,7,1032.3,9.8,9.1,1200,2.12,12.17,,,,,,1.5,0,-.6,-9.5,5.1,5.6,7.2,9.2,11.3,13.8,16.4,18.7,18.8,1.4,2,,
108,2022-12-01,-5.4,-9.4,752,-1.2,1542,,,,,,,7.7,20,15,4.3,290,1416,2.4,2068,-16,34,454,43.4,1.8,1021,1034.4,101,1029.7,1513,1032.1,9.8,8.1,1200,1.82,10.23,,,,,,1.5,.9,-2.4,-13.1,2.4,2.9,4.4,6.8,9.6,13.5,16.2,18.6,18.8,1.2,1.7,,
108,2022-12-02,-2.5,-7.6,759,3,1446,,,,,,,5.4,50,2139,3.1,50,2139,1.7,1511,-14.1,24,1344,42,2.1,1019,1033.4,934,1026.5,2335,1030.1,9.8,9,1200,2.01,11.87,,,,,,1.8,1.4,-1.8,-13.5,1.6,1.9,3.3,5.5,8.4,13.1,16.1,18.6,18.8,1.7,2.4,1.1,
108,2022-12-03,2.1,-.3,1,7,1431,7.33,,,,,1.1,9.6,290,2321,5.1,270,2232,2.6,2223,-2.9,46,2,70.5,5.1,1014.6,1028.6,2358,1023.4,1319,1025.4,9.7,2.6,1200,1.8,6.28,1,830,1,830,1,6.6,4.8,1.3,-2.4,2.7,2.4,3.2,5,7.6,12.6,15.9,18.5,18.7,1.1,1.6,0,
108,2022-12-04,-3.5,-5.2,2400,-.2,1,,,,,,,9.7,160,22,4.7,290,13,2.8,2386,-15.7,25,1309,38.9,1.8,1020.9,1033.2,1013,1028.3,6,1031.9,9.7,1.3,1200,1.21,6.13,,,,,,6.9,.5,-1.1,-7.1,2.5,2.6,3.5,5.2,7.5,12.1,15.6,18.4,18.7,1.2,1.7,,
108,2022-12-05,-3.1,-7,755,1.9,1458,,,,,,,7.1,270,1234,4.8,290,1207,2.4,2042,-14.5,25,1450,41.9,2,1018.7,1033.2,121,1027,2352,1029.7,9.7,8.6,1200,2.07,11.74,,,,,,2.9,.9,-2,-11.3,1.5,1.8,2.8,4.6,7,11.7,15.3,18.4,18.7,1.5,2.1,.1,
108,2022-12-06,.9,-3.9,243,5.3,1400,4.75,,,,,.1,12.5,270,1527,6.4,250,1533,2.4,2104,-5.5,44,1445,62.8,4.1,1012.2,1026.9,1,1021.3,1511,1023,9.7,4.8,1200,1.93,9.16,.3,955,.3,955,.3,6.1,5.8,-.2,-10.5,1.5,1.6,2.4,4.1,6.6,11.3,15.1,18.3,18.7,1.3,1.9,.1,
108,2022-12-07,4.9,1.2,805,9,1520,3.33,,,,,.1,12.2,230,1554,6.5,270,1323,2.7,2293,-2.4,41,1323,60.4,5.1,1012.3,1025.8,2354,1021.1,426,1023,9.7,7.8,1100,1.78,9.89,,,,,,1.8,1.8,1.6,-5.2,3.1,2.7,3,4.3,6.4,11,14.8,18.2,18.7,1.6,2.3,,
108,2022-12-08,3.7,.1,742,9.1,1251,,,,,,,4.7,290,1353,2.7,290,1411,1.4,1248,-4.7,21,1534,57.5,4.4,1015,1027.8,946,1024.6,1535,1025.7,9.7,9,1100,1.76,9.97,,,,,,1,.5,1.4,-8.9,3.3,3.2,3.6,4.8,6.6,10.7,14.5,18.2,18.6,1.5,2.2,0,
108,2022-12-09,4.5,.9,345,10.2,1345,.58,,,,,0,6.5,290,1410,4.1,290,1419,2,1689,-2.5,49,2245,60.8,5.1,1011.7,1024.9,29,1020.6,1506,1022.4,9.7,4.9,1200,1.57,7.22,,,,,,3.4,2.5,2.5,-7.5,3.9,3.7,3.9,4.9,6.6,10.5,14.3,18.1,18.6,1.2,1.8,,
108,2022-12-10,2.6,-.6,758,6.7,1306,,,,,,,6.7,290,2350,4.1,290,2358,1.3,1098,-8.1,26,1317,46.5,3.4,1009.9,1022.9,223,1018.1,1453,1020.7,9.6,3.6,1100,1.74,6.71,,,,,,6.1,3,1,-8.6,3.3,3.3,3.8,5,6.8,10.3,14,18,18.6,1.2,1.7,,
108,2022-12-11,1.6,-1.5,645,6.8,1412,,,,,,,6.2,320,1435,3.9,290,12,1.8,1559,-7.5,29,1415,52.5,3.5,1012.5,1024.7,2315,1021.1,59,1023.3,9.6,8.9,1200,1.94,11.11,,,,,,.9,.5,.6,-9.7,2.7,2.7,3.3,4.6,6.5,10.2,13.8,17.9,18.6,1.7,2.4,,
108,2022-12-12,2,-2,345,6.3,1408,5.08,,,,,5.4,6.6,180,1605,4.2,180,1611,1.7,1478,-2.5,53,1054,73.4,5.3,1009.1,1024.9,16,1016.5,2248,1019.8,9.6,2.3,1300,1.11,5.05,,,,,,7.5,5,.3,-9.7,2.6,2.5,3,4.3,6.2,10,13.6,17.8,18.5,.9,1.2,5.4,
108,2022-12-13,0,-6.4,2356,3.1,233,6.17,,,,,.6,15,290,2044,7.4,290,2113,3.5,3041,-4.7,57,2206,70.8,4.5,1007.5,1024.3,2400,1015.9,1352,1018.3,9.6,1.7,1100,1.18,4.85,.8,1835,.8,1835,.9,6.6,5.9,1,-8.8,3,2.9,3.3,4.3,6.1,9.8,13.4,17.8,18.5,.9,1.3,.6,
108,2022-12-14,-8.4,-11,742,-4.9,1451,,,,,,,14.7,320,28,6.9,320,24,3.2,2735,-16.9,43,1143,50.1,1.6,1017,1030.5,1058,1024.3,1,1028.3,9.6,8.9,1200,1.95,11.41,,,.5,1,,1.4,1.4,-3.7,-12.8,1.1,1.5,2.4,4,6,9.6,13.3,17.7,18.5,1,1.4,0,
108,2022-12-15,-4.5,-8.5,1,-1.3,1752,6.67,,,,,2.4,9,320,2149,5,320,2152,2.5,2158,-7.6,61,120,79.1,3.6,1013.9,1027.9,2400,1021.1,1512,1024.9,9.6,0,1100,.55,2.17,4.4,1455,4.5,1455,4.5,7.3,6.8,-1.7,-9.9,.4,.6,1.5,3.1,5.4,9.5,13.1,17.6,18.5,.4,.6,2.4,
108,2022-12-16,-6.3,-9.6,635,-2.2,1303,,,,,,,5.7,290,1831,3.8,290,1554,2,1738,-13.9,34,1527,56.9,2.1,1019.5,1032.6,927,1027.9,1,1030.7,9.6,8.2,1200,1.89,10.44,,,4.1,1,,4.5,0,-2,-13.4,.3,.4,1.2,2.7,5,9.2,12.9,17.5,18.5,1.1,1.5,.2,
108,2022-12-17,-7,-9.8,2322,-3.2,1245,2.33,,,,,.2,11.1,270,1442,6.2,290,1411,2.7,2321,-15.4,34,1346,52,1.9,1014.4,1030.8,1,1023.5,1530,1025.5,9.6,7.4,1200,1.87,10.46,.3,755,1.9,755,.3,2.3,2.3,-3.5,-14.5,.2,.3,1,2.5,4.8,9,12.7,17.4,18.4,1.2,1.7,,
108,2022-12-18,-9.5,-12.4,740,-5.6,1440,,,,,,,10.4,270,1226,5.8,270,1233,2.6,2231,-18.8,38,545,47.1,1.4,1012.2,1024.8,2259,1021.8,1500,1023.5,9.6,9,1200,1.98,11.42,,,1.5,1,,0,0,-5.1,-17,-.3,-.2,.8,2.3,4.5,8.7,12.5,17.3,18.4,1,1.4,,
108,2022-12-19,-7,-12,357,-2.5,1426,,,,,,,6,290,1452,3.8,290,1459,1.7,1488,-14.6,40,1217,55.6,2,1015.9,1029,2332,1024.5,13,1027.1,9.6,6.5,1200,1.85,8.93,,,1.4,1,,2.1,2.1,-4.3,-16.7,-.6,-.5,.4,2,4.3,8.5,12.3,17.2,18.4,.9,1.3,,
108,2022-12-20,-3.2,-9.5,717,2.9,1440,,,,,,,5.9,20,2010,3.9,50,2013,2.2,1906,-10.9,40,1437,55.8,2.7,1015.4,1030.9,937,1021.2,2355,1026.4,9.6,7.7,1200,1.87,10.1,,,1.1,1,,4.9,2.5,-3,-15,-.5,-.5,.2,1.7,4.1,8.3,12.1,17.1,18.4,,,3.4,
108,2022-12-21,-.1,-2.6,2347,2.6,1559,9.17,,,,,3.6,9.6,320,2050,5.5,290,2047,2.7,2333,-2.9,57,353,82.4,5,1001.2,1021.2,1,1009.2,1605,1011.9,9.6,0,1400,.52,2.48,3.5,955,3.5,955,3.5,8.5,7.4,-.6,-6.5,0,-.3,.2,1.6,4,8.1,11.9,17,18.3,,,.2,
108,2022-12-22,-7.8,-11.3,2355,-2.6,1,,,,,,,15,290,1555,7.1,270,1517,4.4,3791,-14.2,45,1555,60.5,2.1,999.6,1011.5,258,1008.9,1405,1010.7,9.6,7.4,1200,2.07,10.05,,,1.9,1,,2.1,2.1,-2.6,-13.4,-.4,-.4,.2,1.6,3.9,7.9,11.7,16.9,18.3,,,,
108,2022-12-23,-11.8,-13.7,619,-8.6,1514,,,,,,,12.3,250,1216,6.7,290,1121,4.3,3675,-17.9,52,1514,60.5,1.5,1002.8,1018,2357,1010.8,2,1014.1,9.6,8.4,1300,1.99,10.76,,,1.8,1,,2,.8,-4.4,-16.5,-1.3,-1,0,1.4,3.7,7.7,11.6,16.8,18.3,,,,
108,2022-12-24,-8.4,-13.5,743,-2,1619,,,,,,,5.6,50,718,3.4,50,706,1.8,1557,-16,38,1608,54.9,1.8,1009.9,1022.9,2223,1017.7,14,1021.1,9.6,8.9,1200,1.92,10.92,,,1.7,1,,.6,.1,-4.3,-17,-1.4,-1.3,-.4,1.2,3.5,7.5,11.4,16.7,18.2,,,,
108,2022-12-25,-5.4,-9.6,611,.2,1532,,,,,,,6.6,270,1351,4.1,250,1352,1.7,1478,-10.8,46,1534,66.5,2.7,1012.8,1025.3,2306,1022.4,9,1023.9,9.6,9,1200,1.93,10.89,,,1.6,1,,.1,0,-4.6,-15,-1.3,-1.3,-.5,1,3.4,7.3,11.2,16.6,18.2,,,,
108,2022-12-26,-3.9,-7.9,730,1.7,1532,,,,,,,3.7,340,1041,2.8,50,740,1.4,1240,-9.1,44,1540,68.4,3.1,1015.3,1028.1,2311,1025,1339,1026.4,9.6,7.6,1200,1.41,8.27,,,1.2,1,,1.4,0,-4.1,-13.6,-1.1,-1.2,-.6,.8,3.2,7.2,11,16.5,18.2,,,,
108,2022-12-27,-2.6,-7.3,720,3.3,1515,,,,,,,5.4,290,1421,3.2,290,1429,1.8,1555,-7.5,48,1308,69.8,3.5,1018.1,1030.8,1014,1027.7,1425,1029.1,9.6,8.8,1200,1.79,10.25,,,.3,1,,.1,0,-3.2,-12,-.9,-1.1,-.6,.7,3.1,7,10.8,16.4,18.1,,,.1,
108,2022-12-28,-3.3,-6,2355,.1,1453,3,,,,,.1,8.7,270,1419,4.9,290,1409,2.5,2196,-10.7,39,1117,58.1,2.8,1019.5,1033.4,2255,1027.8,156,1030.5,9.6,8.7,1200,1.9,10.86,.4,350,.4,350,.4,3.3,2.5,-2.9,-11.5,-.7,-.8,-.5,.7,3,6.8,10.7,16.3,18.1,,,,
108,2022-12-29,-2.9,-7.8,728,2.1,1522,4.33,,,,,0,5.1,320,1426,3.4,290,1159,1.7,1454,-10.8,33,1203,56.3,2.8,1021.4,1033.7,256,1030.6,1428,1032.5,9.6,9,1200,1.92,10.88,,,,,,3.3,3,-3.3,-13.5,-1.1,-1.2,-.7,.6,2.9,6.7,10.5,16.2,18.1,,,0,
108,2022-12-30,-1.8,-4.4,2355,2.3,1354,2.58,,,,,0,7.5,270,1519,4.6,270,1523,1.9,1668,-7.7,36,1635,65.6,3.5,1020.8,1032.8,923,1030.3,1442,1031.8,9.6,7.9,1200,1.9,10.84,,,,,,1.4,1.4,-2.2,-11.2,-.4,-.7,-.5,.6,2.9,6.6,10.4,16.1,18,,,0,
108,2022-12-31,-1.2,-5.1,125,2.1,1530,1.42,,,,,0,4.1,360,1049,2.6,340,816,1.4,1190,-6.8,57,347,65.5,3.7,1019.5,1032.2,10,1028.9,2008,1030.5,9.6,1.1,1300,.68,4.16,,,,,,7.4,7.4,-2.2,-13.1,-.6,-.8,-.5,.6,2.9,6.7,10.3,15.2,17.3,,,0,
